<?xml version="1.0" encoding="UTF-8"?>
<xapi:requestset xmlns:xapi="http://xmlns.oracle.com/oxp/xapi" type="bursting">
  <xapi:request select="/BKRBOMPARTSLIST/LIST_G_ORDER_HEADER/G_ORDER_HEADER/LIST_G_1/G_1">
    <xapi:delivery>
     <xapi:filesystem id="SN_BURST" output="/dgeiti/custom/test_burst/${SERIAL_NUMBER}_burst.pdf"/>
    </xapi:delivery>
    <xapi:document  output-type="pdf" delivery="SN_BURST" >  
 <xapi:template type="rtf" location="xdo://NPONT.BKR_BOM_PARTSLIST.en.00/?getSource=true"> </xapi:template>
    </xapi:document>
  </xapi:request> 
</xapi:requestset>
