BUSINESS_UNIT,SOURCE_SYSTEM_NAME,ORGANIZATION_CODE,ASSEMBLY_ITEM,ITEM_SEQ,OP_SEQ,COMPONENT_ITEM,COMPONENT_SEQ_NUMBER,COMPONENT_REF_DESIGNATOR,REF_DESIGNATOR_COMMENT,REVISION,POSITION_NUMBER,COMPONENT_QUANTITY,PROCESS_FLAG,LAST_UPDATE_DATE,LAST_UPDATED_BY,LAST_UPDATE_LOGIN,CREATION_DATE,CREATED_BY
LUFKIN,MANUAL,C86,LFK1121208601_T2      ,52,1,LFK100301054_T12_2,,NULL1,NULL1,,,28,N,SYSDATE,-1,-1,SYSDATE,-1
LUFKIN,MANUAL,C86,LFK1121208601_T2      ,52,1,LFK100301054_T12_2,,NULL2,NULL2,,,9.25,N,SYSDATE,-1,-1,SYSDATE,-1
LUFKIN,MANUAL,C86,LFK1121208601_T2      ,52,1,LFK100301054_T12_2,,NULL3,NULL3,,,32,N,SYSDATE,-1,-1,SYSDATE,-1
LUFKIN,MANUAL,C86,LFK1121208601_T2      ,52,1,LFK100301054_T12_2,,NULL4,NULL4,,,47.25,N,SYSDATE,-1,-1,SYSDATE,-1
