﻿ORGANIZATION,ITEM,PS_INV_CATEGORY_PURCHASING,PS_INV_PARTS,PS_INV_PRODUCT_TYPE,PS_INV_PDR_FAMILY,PS_INV_STD_FAMILY,PS_INV_CATEGORY_INVENTORY,PS_INV_CATEGORY_OE,PS_INV_CATEGORY_PLANNING,PS_INV_CATEGORY_PORDUCT_FAMILY,BKR_INV_CATEGORY_HARDNESS
GIM,YIOHHSPT50_COK,D8000,,,,,,,,,
GIM,YIO853414,D8000,,,,,,,,,
GIM,YIOJT105601,D8000,,,,,,,,,
GIM,YIOJT105602,D8000,,,,,,,,,
GIM,YIOJT105603,D8000,,,,,,,,,
GIM,YIOJT105604,D8000,,,,,,,,,
GIM,YIO853417,D8000,,,,,,,,,
GIM,YIO853418,D8000,,,,,,,,,
GIM,YIO852213,D8000,,,,,,,,,
GIM,YIO852210,D8000,,,,,,,,,
GIM,YIO852211,D8000,,,,,,,,,
GIM,YIO852212,D8000,,,,,,,,,
GIM,YIO853610,D8000,,,,,,,,,
GIM,YIOMC2SRM50_SSK,D8000,,,,,,,,,
GIM,YIOMC2SRM50_FOK,D8000,,,,,,,,,
GIM,YIOMC2SRM50_LIK,D8000,,,,,,,,,
GIM,YIOMC4RM60_COK,D8000,,,,,,,,,
GIM,YIOJT105605,D8000,,,,,,,,,
GIM,YIOMC4RM50_LIK,D8000,,,,,,,,,
GIM,YIOMC4RM60_LIK,D8000,,,,,,,,,
GIM,YIOMCCRM50-FOK,D8000,,,,,,,,,
GIM,YIOMC4RM50_COK,D8000,,,,,,,,,
GIM,YIOMCCRM50_CIK,D8000,,,,,,,,,
GIM,YIOMCCRM50_COK,D8000,,,,,,,,,
GIM,YIOMCCRM50_LIK,D8000,,,,,,,,,
GIM,YIO901701_MASTER,D8000,,,,,,,,,
GIM,YIO901710,D8000,,,,,,,,,
GIM,YIO901711,D8000,,,,,,,,,
GIM,YIO853611,D8000,,,,,,,,,
GIM,YIO853612,D8000,,,,,,,,,
GIM,YIOMCCRM50_SSK,D8000,,,,,,,,,
GIM,YIOMCRM50_COK,D8000,,,,,,,,,
GIM,YIOMCCRM50-SSK,D8000,,,,,,,,,
GIM,YIO901701_KIT_B,D8000,,,,,,,,,
GIM,YIOP13033,D8000,,,,,,,,,
GIM,YIO883932_1,D8000,,,,,,,,,
GIM,YIO883932_2,D8000,,,,,,,,,
GIM,YIO883932_B,D8000,,,,,,,,,
GIM,YIO900912,D8000,,,,,,,,,
GIM,YIO900912_UFC,D8000,,,,,,,,,
GIM,YIO901067,D8000,,,,,,,,,
GIM,YIO901901_KIT_B,D8000,,,,,,,,,
GIM,YIO901901_KIT_A,D8000,,,,,,,,,
GIM,YIO901901_MASTER,D8000,,,,,,,,,
GIM,YIOMSC3030012Z,D8000,,,,,,,,,
GIM,YIO787118,D8000,,,,,,,,,
GIM,YIO787119,D8000,,,,,,,,,
GIM,YIO787120,D8000,,,,,,,,,
GIM,YIOP11839,D8000,,,,,,,,,
GIM,YIOMSC2205012Z,D8000,,,,,,,,,
GIM,YIO902026,D8000,,,,,,,,,
GIM,YIO902024,D8000,,,,,,,,,
GIM,YIO902025,D8000,,,,,,,,,
GIM,YIO902017,D8000,,,,,,,,,
GIM,YIOCE5RW50_FOK,D8000,,,,,,,,,
GIM,YIOCE5RW50_SIK,D8000,,,,,,,,,
GIM,YIO901604,D8000,,,,,,,,,
GIM,YIO901605,D8000,,,,,,,,,
GIM,YIO901713,D8000,,,,,,,,,
GIM,YIOMSG0601212S,D8000,,,,,,,,,
GIM,YIO883596,D8000,,,,,,,,,
GIM,YIO901515,D8000,,,,,,,,,
GIM,YIO901513,D8000,,,,,,,,,
GIM,YIO901517,D8000,,,,,,,,,
GIM,YIOP11782,D8000,,,,,,,,,
GIM,YIOP11793,D8000,,,,,,,,,
GIM,YIOCE5RW50_SSK,D8000,,,,,,,,,
GIM,YIOCESRW50_SIK,D8000,,,,,,,,,
GIM,YIO901800,D8000,,,,,,,,,
GIM,YIO901715,D8000,,,,,,,,,
GIM,YIO901911,D8000,,,,,,,,,
GIM,YIO884765_UFC,D8000,,,,,,,,,
GIM,YIO900901,D8000,,,,,,,,,
GIM,YIO900901_KIT_A,D8000,,,,,,,,,
GIM,YIO900901_KIT_B,D8000,,,,,,,,,
GIM,YIO900901_KIT_C,D8000,,,,,,,,,
GIM,YIO900901_MASTER,D8000,,,,,,,,,
GIM,YIO880085_2,D8000,,,,,,,,,
GIM,YIOP12293,D8000,,,,,,,,,
GIM,YIO901913,D8000,,,,,,,,,
GIM,YIO902034,D8000,,,,,,,,,
GIM,YIO902035,D8000,,,,,,,,,
GIM,YIO902036,D8000,,,,,,,,,
GIM,YIO902037,D8000,,,,,,,,,
GIM,YIO901058,D8000,,,,,,,,,
GIM,YIO901059,D8000,,,,,,,,,
GIM,YIO901060,D8000,,,,,,,,,
GIM,YIO883932_UFC,D8000,,,,,,,,,
GIM,YIOP13567,D8000,,,,,,,,,
GIM,YIO902038,D8000,,,,,,,,,
GIM,YIO902033,D8000,,,,,,,,,
GIM,YIOCR3NSPT50_SSK,D8000,,,,,,,,,
GIM,YIOCR3SPT50_COK,D8000,,,,,,,,,
GIM,YIOCESRW50_SSK,D8000,,,,,,,,,
GIM,YIO782101,D8000,,,,,,,,,
GIM,YIO782120,D8000,,,,,,,,,
GIM,YIO901562,D8000,,,,,,,,,
GIM,YIO901607,D8000,,,,,,,,,
GIM,YIOP12434,D8000,,,,,,,,,
GIM,YIOP12433,D8000,,,,,,,,,
GIM,YIO901717,D8000,,,,,,,,,
GIM,YIO901718,D8000,,,,,,,,,
GIM,YIO901719,D8000,,,,,,,,,
GIM,YIO901721,D8000,,,,,,,,,
GIM,YIO787110,D8000,,,,,,,,,
GIM,YIO787105,D8000,,,,,,,,,
GIM,YIO787111,D8000,,,,,,,,,
GIM,YIO787701,D8000,,,,,,,,,
GIM,YPD000180024_TP1,D8000,,,,,,,,,
GIM,YIO901701_KIT_A,D8000,,,,,,,,,
GIM,YIO901915,D8000,,,,,,,,,
GIM,YIO901917,D8000,,,,,,,,,
GIM,YIO901722,D8000,,,,,,,,,
GIM,YIO901723,D8000,,,,,,,,,
GIM,YIO901725,D8000,,,,,,,,,
GIM,YIO902224,D8000,,,,,,,,,
GIM,YIO901974,D8000,,,,,,,,,
GIM,YIO901971,D8000,,,,,,,,,
GIM,YIO901972,D8000,,,,,,,,,
GIM,YIO901973,D8000,,,,,,,,,
GIM,YIO901879,D8000,,,,,,,,,
GIM,YIO901874,D8000,,,,,,,,,
GIM,YPD000180026_TP1,D8000,,,,,,,,,
GIM,YPD000180025_TP1,D8000,,,,,,,,,
GIM,YIO901919,D8000,,,,,,,,,
GIM,YIO901921,D8000,,,,,,,,,
GIM,YIO901922,D8000,,,,,,,,,
GIM,YIO901923,D8000,,,,,,,,,
GIM,YIO901646,D8000,,,,,,,,,
GIM,YPD000210021_TP1,D8000,,,,,,,,,
GIM,YPD000210020_TP1,D8000,,,,,,,,,
GIM,YIO902001,D8000,,,,,,,,,
GIM,YIO902013,D8000,,,,,,,,,
GIM,YIO902014,D8000,,,,,,,,,
GIM,YIO902015,D8000,,,,,,,,,
GIM,YIO902016,D8000,,,,,,,,,
GIM,YIOMNRM50_COK,D8000,,,,,,,,,
GIM,YIOMNRM50_FOK,D8000,,,,,,,,,
GIM,YIOMNRM50_LSK,D8000,,,,,,,,,
GIM,YIOCR3SPT50_FOK,D8000,,,,,,,,,
GIM,YIOCR3SPT50_SSK,D8000,,,,,,,,,
GIM,YIO902060,D8000,,,,,,,,,
GIM,YIO883931,D8000,,,,,,,,,
GIM,YIO883597,D8000,,,,,,,,,
GIM,YIO883927,D8000,,,,,,,,,
GIM,YIO900911_UFC,D8000,,,,,,,,,
GIM,YIO900910_UFC,D8000,,,,,,,,,
GIM,YIO900911,D8000,,,,,,,,,
GIM,YIO900910,D8000,,,,,,,,,
GIM,YIO901742,D8000,,,,,,,,,
GIM,YIO901743,D8000,,,,,,,,,
GIM,YIO901753,D8000,,,,,,,,,
GIM,YIOEPICYCLIC,D8000,,,,,,,,,
GIM,YIOFMENMW50_COK,D8000,,,,,,,,,
GIM,YPD00090031_TP1,D8000,,,,,,,,,
GIM,YIOCE3RW50_COK,D8000,,,,,,,,,
GIM,YIO901062,D8000,,,,,,,,,
GIM,YIO901061,D8000,,,,,,,,,
GIM,YIO901063,D8000,,,,,,,,,
GIM,YIO901064,D8000,,,,,,,,,
GIM,YIO901066,D8000,,,,,,,,,
GIM,YIO901519,D8000,,,,,,,,,
GIM,YIO901521,D8000,,,,,,,,,
GIM,YIO901523,D8000,,,,,,,,,
GIM,YIO901525,D8000,,,,,,,,,
GIM,YIO902084,D8000,,,,,,,,,
GIM,YIO902085,D8000,,,,,,,,,
GIM,YIO901741,D8000,,,,,,,,,
GIM,YIO901835,D8000,,,,,,,,,
GIM,YIO901836,D8000,,,,,,,,,
GIM,YIO901837,D8000,,,,,,,,,
GIM,YIO902141,D8000,,,,,,,,,
GIM,YIO902142,D8000,,,,,,,,,
GIM,YIO902145,D8000,,,,,,,,,
GIM,YIOK00013_UFC,D8000,,,,,,,,,
GIM,YIOMHB1213008Z,D8000,,,,,,,,,
GIM,YPD00022006_TP1,D8000,,,,,,,,,
GIM,YIOLPT50_FOK,D8000,,,,,,,,,
GIM,YIO787112,D8000,,,,,,,,,
GIM,YIO787116,D8000,,,,,,,,,
GIM,YIO787113,D8000,,,,,,,,,
GIM,YIO787115,D8000,,,,,,,,,
GIM,YIO787117,D8000,,,,,,,,,
GIM,YIO902114,D8000,,,,,,,,,
GIM,YIO902086,D8000,,,,,,,,,
GIM,YIO902087,D8000,,,,,,,,,
GIM,YIO902088,D8000,,,,,,,,,
GIM,YIO902115,D8000,,,,,,,,,
GIM,YIO901941,D8000,,,,,,,,,
GIM,YIO901942,D8000,,,,,,,,,
GIM,YIO902146,D8000,,,,,,,,,
GIM,YIO902147,D8000,,,,,,,,,
GIM,YIOMHB0604008Z,D8000,,,,,,,,,
GIM,YIO780844_3,D8000,,,,,,,,,
GIM,YIO819610,D8000,,,,,,,,,
GIM,YIO819611,D8000,,,,,,,,,
GIM,YIO819612,D8000,,,,,,,,,
GIM,YIO789061_TP1,D8000,,,,,,,,,
GIM,YIO789062_TP1,D8000,,,,,,,,,
GIM,YIO777541,D8000,,,,,,,,,
GIM,YIO780188,D8000,,,,,,,,,
GIM,YIO780146,D8000,,,,,,,,,
GIM,YIO777216,D8000,,,,,,,,,
GIM,YPO0000088,D8000,,,,,,,,,
GIM,YPO0000090,D8000,,,,,,,,,
GIM,YPO0000303,D8000,,,,,,,,,
GIM,YPO0000305,D8000,,,,,,,,,
GIM,YPO0000306,D8000,,,,,,,,,
GIM,YPO000230025,D8000,,,,,,,,,
GIM,YPO000230026,D8000,,,,,,,,,
GIM,YPO1000540,D8000,,,,,,,,,
GIM,YPO1000541,D8000,,,,,,,,,
GIM,YPO1000542,D8000,,,,,,,,,
GIM,YPO1000543,D8000,,,,,,,,,
GIM,YPO1000544,D8000,,,,,,,,,
GIM,YPP000050026,D8000,,,,,,,,,
GIM,YPO0000044,D8000,,,,,,,,,
GIM,YPO0000041,D8000,,,,,,,,,
GIM,YPO0000529,D8000,,,,,,,,,
GIM,YPO0000530,D8000,,,,,,,,,
GIM,YPO0000531,D8000,,,,,,,,,
GIM,YPO0000062,D8000,,,,,,,,,
GIM,YIO781514_2,D8000,,,,,,,,,
GIM,YIO785604,D8000,,,,,,,,,
GIM,YIO785606,D8000,,,,,,,,,
GIM,YIO785608,D8000,,,,,,,,,
GIM,YIO833536,D8000,,,,,,,,,
GIM,YIO833537,D8000,,,,,,,,,
GIM,YIO833538,D8000,,,,,,,,,
GIM,YIO833539,D8000,,,,,,,,,
GIM,YIO833535,D8000,,,,,,,,,
GIM,YIO819212,D8000,,,,,,,,,
GIM,YIO819213,D8000,,,,,,,,,
GIM,YIO819214,D8000,,,,,,,,,
GIM,YIO819201_OS,D8000,,,,,,,,,
GIM,YIO819301,D8000,,,,,,,,,
GIM,YIO819301_OS,D8000,,,,,,,,,
GIM,YIO784714,D8000,,,,,,,,,
GIM,YIO784717,D8000,,,,,,,,,
GIM,YIO833560,D8000,,,,,,,,,
GIM,YIO782343,D8000,,,,,,,,,
GIM,YIO782345,D8000,,,,,,,,,
GIM,YIO782346,D8000,,,,,,,,,
GIM,YIO819797,D8000,,,,,,,,,
GIM,YIO819798,D8000,,,,,,,,,
GIM,YIO819807,D8000,,,,,,,,,
GIM,YIO789012,D8000,,,,,,,,,
GIM,YIO789013,D8000,,,,,,,,,
GIM,YIO789015,D8000,,,,,,,,,
GIM,YIO833622,D8000,,,,,,,,,
GIM,YIO833623,D8000,,,,,,,,,
GIM,YPQ000020020,D8000,,,,,,,,,
GIM,YPO000030068,D8000,,,,,,,,,
GIM,YPO0000580,D8000,,,,,,,,,
GIM,YPO000080003,D8000,,,,,,,,,
GIM,YPO000080004,D8000,,,,,,,,,
GIM,YPO000080005,D8000,,,,,,,,,
GIM,YPO000080014,D8000,,,,,,,,,
GIM,YPO000080020,D8000,,,,,,,,,
GIM,YPO1000545,D8000,,,,,,,,,
GIM,YPO1000880,D8000,,,,,,,,,
GIM,YPP000230041,D8000,,,,,,,,,
GIM,YPO0000549,D8000,,,,,,,,,
GIM,YPO0000550,D8000,,,,,,,,,
GIM,YPO0000551,D8000,,,,,,,,,
GIM,YPO0000552,D8000,,,,,,,,,
GIM,YPO0000553,D8000,,,,,,,,,
GIM,YPO0000731,D8000,,,,,,,,,
GIM,YIO789065_TP1,D8000,,,,,,,,,
GIM,YIO789066_TP1,D8000,,,,,,,,,
GIM,YIO819264NP,D8000,,,,,,,,,
GIM,YIO819417,D8000,,,,,,,,,
GIM,YIO788712,D8000,,,,,,,,,
GIM,YIO788713,D8000,,,,,,,,,
GIM,YIO788714,D8000,,,,,,,,,
GIM,YIO788715,D8000,,,,,,,,,
GIM,YIO788491,D8000,,,,,,,,,
GIM,YIO788822,D8000,,,,,,,,,
GIM,YIO8386002902,D8000,,,,,,,,,
GIM,YIO819310,D8000,,,,,,,,,
GIM,YIO819311,D8000,,,,,,,,,
GIM,YIO819312,D8000,,,,,,,,,
GIM,YIO819224,D8000,,,,,,,,,
GIM,YIO819225,D8000,,,,,,,,,
GIM,YIO782340,D8000,,,,,,,,,
GIM,YIO789016,D8000,,,,,,,,,
GIM,YIO789017,D8000,,,,,,,,,
GIM,YIO789018,D8000,,,,,,,,,
GIM,YPO000120033,D8000,,,,,,,,,
GIM,YPO000120019,D8000,,,,,,,,,
GIM,YPO1000528,D8000,,,,,,,,,
GIM,YPO1000529,D8000,,,,,,,,,
GIM,YPP000230014,D8000,,,,,,,,,
GIM,YPP000230017,D8000,,,,,,,,,
GIM,YPP000230018,D8000,,,,,,,,,
GIM,YPP000230021,D8000,,,,,,,,,
GIM,YPQ000190006,D8000,,,,,,,,,
GIM,YPQ000230042,D8000,,,,,,,,,
GIM,YPQ000230044,D8000,,,,,,,,,
GIM,YPO0000733,D8000,,,,,,,,,
GIM,YPO1000048,D8000,,,,,,,,,
GIM,YPO100030006,D8000,,,,,,,,,
GIM,YPO100030007,D8000,,,,,,,,,
GIM,YPO1000843,D8000,,,,,,,,,
GIM,YPO1000846,D8000,,,,,,,,,
GIM,YIO819520,D8000,,,,,,,,,
GIM,YIO819521,D8000,,,,,,,,,
GIM,YIO819522,D8000,,,,,,,,,
GIM,YIO789070_TP1,D8000,,,,,,,,,
GIM,YIO789077_TP1,D8000,,,,,,,,,
GIM,YIO815461,D8000,,,,,,,,,
GIM,YIO816761,D8000,,,,,,,,,
GIM,YIO788827,D8000,,,,,,,,,
GIM,YIO801188,D8000,,,,,,,,,
GIM,YIO843311_1,D8000,,,,,,,,,
GIM,YIO843311_2,D8000,,,,,,,,,
GIM,YIO843311_3,D8000,,,,,,,,,
GIM,YIO819329,D8000,,,,,,,,,
GIM,YIO819330,D8000,,,,,,,,,
GIM,YIO777554,D8000,,,,,,,,,
GIM,YIO780112,D8000,,,,,,,,,
GIM,YIO780113,D8000,,,,,,,,,
GIM,YIO780147,D8000,,,,,,,,,
GIM,YPO0000264,D8000,,,,,,,,,
GIM,YPO0000265,D8000,,,,,,,,,
GIM,YPO0000267,D8000,,,,,,,,,
GIM,YPO0000565,D8000,,,,,,,,,
GIM,YPO0000566,D8000,,,,,,,,,
GIM,YPO1000530,D8000,,,,,,,,,
GIM,YPO1000532,D8000,,,,,,,,,
GIM,YPP000030028,D8000,,,,,,,,,
GIM,YPP000030032,D8000,,,,,,,,,
GIM,YPQ000150015,D8000,,,,,,,,,
GIM,YPQ000150017,D8000,,,,,,,,,
GIM,YPQ000150019,D8000,,,,,,,,,
GIM,YPQ000200007,D8000,,,,,,,,,
GIM,YPQ000210013,D8000,,,,,,,,,
GIM,YPQ000210015,D8000,,,,,,,,,
GIM,YPQ000210018,D8000,,,,,,,,,
GIM,YPQ000230039,D8000,,,,,,,,,
GIM,YPQ000230040,D8000,,,,,,,,,
GIM,YPO0000027,D8000,,,,,,,,,
GIM,YPO0000215,D8000,,,,,,,,,
GIM,YPP000020040,D8000,,,,,,,,,
GIM,YPP000020042,D8000,,,,,,,,,
GIM,YPP000140010,D8000,,,,,,,,,
GIM,YIO848385,D8000,,,,,,,,,
GIM,YIO819101,D8000,,,,,,,,,
GIM,YIO844861,D8000,,,,,,,,,
GIM,YIO849563,D8000,,,,,,,,,
GIM,YIO849564,D8000,,,,,,,,,
GIM,YIO819457,D8000,,,,,,,,,
GIM,YIO845810,D8000,,,,,,,,,
GIM,YIO845811_1,D8000,,,,,,,,,
GIM,YIO845811_2,D8000,,,,,,,,,
GIM,YIO845813,D8000,,,,,,,,,
GIM,YIO844210,D8000,,,,,,,,,
GIM,YIO844211,D8000,,,,,,,,,
GIM,YIO844211_1,D8000,,,,,,,,,
GIM,YIO819001,D8000,,,,,,,,,
GIM,YIO819010,D8000,,,,,,,,,
GIM,YIO782851_2,D8000,,,,,,,,,
GIM,YIO782852_2,D8000,,,,,,,,,
GIM,YIO780114,D8000,,,,,,,,,
GIM,YIO780115,D8000,,,,,,,,,
GIM,YIO780110,D8000,,,,,,,,,
GIM,YIO780111,D8000,,,,,,,,,
GIM,YIO777050,D8000,,,,,,,,,
GIM,YIO777227,D8000,,,,,,,,,
GIM,YPO0000567,D8000,,,,,,,,,
GIM,YPO0000568,D8000,,,,,,,,,
GIM,YPO0000569,D8000,,,,,,,,,
GIM,YPO0000564,D8000,,,,,,,,,
GIM,YPO0000746,D8000,,,,,,,,,
GIM,YPO0000750,D8000,,,,,,,,,
GIM,YPP000200003,D8000,,,,,,,,,
GIM,YPP000200008,D8000,,,,,,,,,
GIM,YPP000190003,D8000,,,,,,,,,
GIM,YPQ000150020,D8000,,,,,,,,,
GIM,YPQ000160013,D8000,,,,,,,,,
GIM,YPQ000180016,D8000,,,,,,,,,
GIM,YPO000020018,D8000,,,,,,,,,
GIM,YPO0000202,D8000,,,,,,,,,
GIM,YPO0000204,D8000,,,,,,,,,
GIM,YPO0000121,D8000,,,,,,,,,
GIM,YPO0000418,D8000,,,,,,,,,
GIM,YPO0000219,D8000,,,,,,,,,
GIM,YPO0000213,D8000,,,,,,,,,
GIM,YPO0000513,D8000,,,,,,,,,
GIM,YPO0000514,D8000,,,,,,,,,
GIM,YPP100090001,D8000,,,,,,,,,
GIM,YPP000140011,D8000,,,,,,,,,
GIM,YPP000140013,D8000,,,,,,,,,
GIM,YPP000140014,D8000,,,,,,,,,
GIM,YIO819426,D8000,,,,,,,,,
GIM,YIO788728,D8000,,,,,,,,,
GIM,YIO849577,D8000,,,,,,,,,
GIM,YIO844881,D8000,,,,,,,,,
GIM,YIO849819,D8000,,,,,,,,,
GIM,YIO849823,D8000,,,,,,,,,
GIM,YIO844211_2,D8000,,,,,,,,,
GIM,YIO819013,D8000,,,,,,,,,
GIM,YIO780101,D8000,,,,,,,,,
GIM,YIO780101_R,D8000,,,,,,,,,
GIM,YIO780105,D8000,,,,,,,,,
GIM,YPO000090009,D8000,,,,,,,,,
GIM,YPO000090021,D8000,,,,,,,,,
GIM,YPO1000517,D8000,,,,,,,,,
GIM,YPQ000110006,D8000,,,,,,,,,
GIM,YPQ000130004,D8000,,,,,,,,,
GIM,YPQ000140019,D8000,,,,,,,,,
GIM,YPQ000140020,D8000,,,,,,,,,
GIM,YPO0000107,D8000,,,,,,,,,
GIM,YPO0000108,D8000,,,,,,,,,
GIM,YPO0000111,D8000,,,,,,,,,
GIM,YPO0000106,D8000,,,,,,,,,
GIM,YPO0000603,D8000,,,,,,,,,
GIM,YPO0000605,D8000,,,,,,,,,
GIM,YPO0000606,D8000,,,,,,,,,
GIM,YPO0000616,D8000,,,,,,,,,
GIM,YPO0000617,D8000,,,,,,,,,
GIM,YPO0000618,D8000,,,,,,,,,
GIM,YPO0000619,D8000,,,,,,,,,
GIM,YPO0000620,D8000,,,,,,,,,
GIM,YPO0000615,D8000,,,,,,,,,
GIM,YPO0000518,D8000,,,,,,,,,
GIM,YPO0000629,D8000,,,,,,,,,
GIM,YPO0000630,D8000,,,,,,,,,
GIM,YPO0000631,D8000,,,,,,,,,
GIM,YPO0000632,D8000,,,,,,,,,
GIM,YPO0000633,D8000,,,,,,,,,
GIM,YPO0000534,D8000,,,,,,,,,
GIM,YIO781709_UFC,D8000,,,,,,,,,
GIM,YIO781710_UFC,D8000,,,,,,,,,
GIM,YIO819428,D8000,,,,,,,,,
GIM,YIO819424,D8000,,,,,,,,,
GIM,YIO819533,D8000,,,,,,,,,
GIM,YIO789097TP1,D8000,,,,,,,,,
GIM,YIO789099TP1,D8000,,,,,,,,,
GIM,YIO801359,D8000,,,,,,,,,
GIM,YIO846961,D8000,,,,,,,,,
GIM,YIO849634,D8000,,,,,,,,,
GIM,YIO789010,D8000,,,,,,,,,
GIM,YIO789011,D8000,,,,,,,,,
GIM,YIO819364NP,D8000,,,,,,,,,
GIM,YIO819501,D8000,,,,,,,,,
GIM,YIO819501_OS,D8000,,,,,,,,,
GIM,YIO819510,D8000,,,,,,,,,
GIM,YIO777010,D8000,,,,,,,,,
GIM,YIO777011,D8000,,,,,,,,,
GIM,YIO777012,D8000,,,,,,,,,
GIM,YIO777013,D8000,,,,,,,,,
GIM,YIO777015,D8000,,,,,,,,,
GIM,YIO780118,D8000,,,,,,,,,
GIM,YIO780119,D8000,,,,,,,,,
GIM,YIO780116,D8000,,,,,,,,,
GIM,YIO780119_DUMMY,D8000,,,,,,,,,
GIM,YIO780120,D8000,,,,,,,,,
GIM,YIO780117,D8000,,,,,,,,,
GIM,YIO780157,D8000,,,,,,,,,
GIM,YIO777005,D8000,,,,,,,,,
GIM,YPP000150008,D8000,,,,,,,,,
GIM,YPQ000140022,D8000,,,,,,,,,
GIM,YPQ000140023,D8000,,,,,,,,,
GIM,YPO0000607,D8000,,,,,,,,,
GIM,YPO0000608,D8000,,,,,,,,,
GIM,YPO0000602,D8000,,,,,,,,,
GIM,YPO000230037,D8000,,,,,,,,,
GIM,YPO000240001,D8000,,,,,,,,,
GIM,YPO000240002,D8000,,,,,,,,,
GIM,YPO1000560,D8000,,,,,,,,,
GIM,YPO1000561,D8000,,,,,,,,,
GIM,YPO1000562,D8000,,,,,,,,,
GIM,YPO100080001,D8000,,,,,,,,,
GIM,YPO0000628,D8000,,,,,,,,,
GIM,YPO1000122,D8000,,,,,,,,,
GIM,YPO1000124,D8000,,,,,,,,,
GIM,YPO0000537,D8000,,,,,,,,,
GIM,YPO0000532,D8000,,,,,,,,,
GIM,YPO0000717,D8000,,,,,,,,,
GIM,YPO0000718,D8000,,,,,,,,,
GIM,YPO0000719,D8000,,,,,,,,,
GIM,YPO0000258,D8000,,,,,,,,,
GIM,YPO0000259,D8000,,,,,,,,,
GIM,YIO832275,D8000,,,,,,,,,
GIM,YIO800940,D8000,,,,,,,,,
GIM,YIO784601,D8000,,,,,,,,,
GIM,YIO784630,D8000,,,,,,,,,
GIM,YIO833076_1,D8000,,,,,,,,,
GIM,YIO781530_2,D8000,,,,,,,,,
GIM,YIO815610,D8000,,,,,,,,,
GIM,YIO831592,D8000,,,,,,,,,
GIM,YIO819601,D8000,,,,,,,,,
GIM,YIO819851,D8000,,,,,,,,,
GIM,YIO819852,D8000,,,,,,,,,
GIM,YIO819853,D8000,,,,,,,,,
GIM,YIO789037,D8000,,,,,,,,,
GIM,YIO789042,D8000,,,,,,,,,
GIM,YIO789060_TP1,D8000,,,,,,,,,
GIM,YIO819033,D8000,,,,,,,,,
GIM,YIO819034,D8000,,,,,,,,,
GIM,YIO819035,D8000,,,,,,,,,
GIM,YIO819037,D8000,,,,,,,,,
GIM,YIO777235,D8000,,,,,,,,,
GIM,YPP000180003,D8000,,,,,,,,,
GIM,YPQ000020032,D8000,,,,,,,,,
GIM,YPO000000027,D8000,,,,,,,,,
GIM,YPO0000312,D8000,,,,,,,,,
GIM,YPO0000314,D8000,,,,,,,,,
GIM,YPO000230027,D8000,,,,,,,,,
GIM,YPO1000092,D8000,,,,,,,,,
GIM,YPO1000095,D8000,,,,,,,,,
GIM,YPO1000546,D8000,,,,,,,,,
GIM,YPO1000547,D8000,,,,,,,,,
GIM,YPO1000548,D8000,,,,,,,,,
GIM,YPO1000549,D8000,,,,,,,,,
GIM,YPP000090002,D8000,,,,,,,,,
GIM,YPP000090003,D8000,,,,,,,,,
GIM,YPO0000720,D8000,,,,,,,,,
GIM,YPO1000033,D8000,,,,,,,,,
GIM,YPP000020007,D8000,,,,,,,,,
GIM,YPP000020012,D8000,,,,,,,,,
GIM,YPO0000260,D8000,,,,,,,,,
GIM,YPO0000261,D8000,,,,,,,,,
GIM,YPO0000257,D8000,,,,,,,,,
GIM,YPO0000557,D8000,,,,,,,,,
GIM,YPO0000558,D8000,,,,,,,,,
GIM,YPO0000559,D8000,,,,,,,,,
GIM,YPO0000740,D8000,,,,,,,,,
GIM,YPO0000741,D8000,,,,,,,,,
GIM,YIO819051,D8000,,,,,,,,,
GIM,YIO848744,D8000,,,,,,,,,
GIM,YIO848849,D8000,,,,,,,,,
GIM,YIO832969,D8000,,,,,,,,,
GIM,YIO832970,D8000,,,,,,,,,
GIM,YIO832968,D8000,,,,,,,,,
GIM,YIO781533_2,D8000,,,,,,,,,
GIM,YIO819854,D8000,,,,,,,,,
GIM,YIO819251,D8000,,,,,,,,,
GIM,YIO819401,D8000,,,,,,,,,
GIM,YIO819401_OS,D8000,,,,,,,,,
GIM,YIO777236,D8000,,,,,,,,,
GIM,YIO777237,D8000,,,,,,,,,
GIM,YPQ000020033,D8000,,,,,,,,,
GIM,YPQ000030031,D8000,,,,,,,,,
GIM,YPQ000030038,D8000,,,,,,,,,
GIM,YPQ000030055,D8000,,,,,,,,,
GIM,YPO0000316,D8000,,,,,,,,,
GIM,YPO0000308,D8000,,,,,,,,,
GIM,YPO000190007,D8000,,,,,,,,,
GIM,YPO000200006,D8000,,,,,,,,,
GIM,YPO1000550,D8000,,,,,,,,,
GIM,YPO1000551,D8000,,,,,,,,,
GIM,YPO100090003,D8000,,,,,,,,,
GIM,YPO100120002,D8000,,,,,,,,,
GIM,YPO100120004,D8000,,,,,,,,,
GIM,YPP000090004,D8000,,,,,,,,,
GIM,YPP000090008,D8000,,,,,,,,,
GIM,YPP000020013,D8000,,,,,,,,,
GIM,YPO0000743,D8000,,,,,,,,,
GIM,YIO816760,D8000,,,,,,,,,
GIM,YIO781738_UFC,D8000,,,,,,,,,
GIM,YIO819320,D8000,,,,,,,,,
GIM,YIO784801,D8000,,,,,,,,,
GIM,YIO833594,D8000,,,,,,,,,
GIM,YIO801211,D8000,,,,,,,,,
GIM,YIO818727,D8000,,,,,,,,,
GIM,YIO819410,D8000,,,,,,,,,
GIM,YIO819514,D8000,,,,,,,,,
GIM,YIO819616,D8000,,,,,,,,,
GIM,YIO777020,D8000,,,,,,,,,
GIM,YPO000030025,D8000,,,,,,,,,
GIM,YPO000030030,D8000,,,,,,,,,
GIM,YPO1000079,D8000,,,,,,,,,
GIM,YPO1000080,D8000,,,,,,,,,
GIM,YPO1000533,D8000,,,,,,,,,
GIM,YPO1000534,D8000,,,,,,,,,
GIM,YPO1000535,D8000,,,,,,,,,
GIM,YPO1000537,D8000,,,,,,,,,
GIM,YPQ000210019,D8000,,,,,,,,,
GIM,YPQ000210022,D8000,,,,,,,,,
GIM,YPQ100090012,D8000,,,,,,,,,
GIM,YPP100140002,D8000,,,,,,,,,
GIM,YPP000140016,D8000,,,,,,,,,
GIM,YPP000150003,D8000,,,,,,,,,
GIM,YIO819413,D8000,,,,,,,,,
GIM,YIO819414,D8000,,,,,,,,,
GIM,YIO819517,D8000,,,,,,,,,
GIM,YIO819636,D8000,,,,,,,,,
GIM,YIO788710,D8000,,,,,,,,,
GIM,YIO788711,D8000,,,,,,,,,
GIM,YIO819068,D8000,,,,,,,,,
GIM,YIO819266NP,D8000,,,,,,,,,
GIM,YIO819419,D8000,,,,,,,,,
GIM,YIO784441_2,D8000,,,,,,,,,
GIM,YIO832535,D8000,,,,,,,,,
GIM,YIO819201,D8000,,,,,,,,,
GIM,YIO819296,D8000,,,,,,,,,
GIM,YIO819215,D8000,,,,,,,,,
GIM,YIO819215_1,D8000,,,,,,,,,
GIM,YIO819216,D8000,,,,,,,,,
GIM,YIO819216_1,D8000,,,,,,,,,
GIM,YIO819217,D8000,,,,,,,,,
GIM,YIO819214_1,D8000,,,,,,,,,
GIM,YIO819463,D8000,,,,,,,,,
GIM,YIO819239,D8000,,,,,,,,,
GIM,YIO819351,D8000,,,,,,,,,
GIM,YIO782850_2,D8000,,,,,,,,,
GIM,YIO848145,D8000,,,,,,,,,
GIM,YIO819626,D8000,,,,,,,,,
GIM,YIO819630,D8000,,,,,,,,,
GIM,YIO780131,D8000,,,,,,,,,
GIM,YIO780127,D8000,,,,,,,,,
GIM,YIO780128,D8000,,,,,,,,,
GIM,YIO777244,D8000,,,,,,,,,
GIM,YIO777245,D8000,,,,,,,,,
GIM,YIO779871,D8000,,,,,,,,,
GIM,YPO000030024,D8000,,,,,,,,,
GIM,YPO0000571,D8000,,,,,,,,,
GIM,YPO0000573,D8000,,,,,,,,,
GIM,YPO0000577,D8000,,,,,,,,,
GIM,YPO0000578,D8000,,,,,,,,,
GIM,YPO1000538,D8000,,,,,,,,,
GIM,YPO1000539,D8000,,,,,,,,,
GIM,YPP000030041,D8000,,,,,,,,,
GIM,YPP000030044,D8000,,,,,,,,,
GIM,YPP000030048,D8000,,,,,,,,,
GIM,YPP000030050,D8000,,,,,,,,,
GIM,YPP000030058,D8000,,,,,,,,,
GIM,YPP000230034,D8000,,,,,,,,,
GIM,YPP000230036,D8000,,,,,,,,,
GIM,YPQ000210023,D8000,,,,,,,,,
GIM,YPQ000230001,D8000,,,,,,,,,
GIM,YPQ000230033,D8000,,,,,,,,,
GIM,YPQ100180005,D8000,,,,,,,,,
GIM,YPO0000223,D8000,,,,,,,,,
GIM,YPO0000225,D8000,,,,,,,,,
GIM,YPO0000521,D8000,,,,,,,,,
GIM,YPO0000522,D8000,,,,,,,,,
GIM,YPO0000523,D8000,,,,,,,,,
GIM,YPO0000524,D8000,,,,,,,,,
GIM,YPO0000525,D8000,,,,,,,,,
GIM,YPP100270006,D8000,,,,,,,,,
GIM,YIO819635,D8000,,,,,,,,,
GIM,YIO789067TP1,D8000,,,,,,,,,
GIM,YIO789068TP1,D8000,,,,,,,,,
GIM,YIO819523,D8000,,,,,,,,,
GIM,YIO819524,D8000,,,,,,,,,
GIM,YIO819526,D8000,,,,,,,,,
GIM,YIO819527,D8000,,,,,,,,,
GIM,YIO832967,D8000,,,,,,,,,
GIM,YIO816790,D8000,,,,,,,,,
GIM,YIO8386002900,D8000,,,,,,,,,
GIM,YIO819313,D8000,,,,,,,,,
GIM,YIO819314,D8000,,,,,,,,,
GIM,YIO819314_1,D8000,,,,,,,,,
GIM,YIO819315,D8000,,,,,,,,,
GIM,YIO819315_1,D8000,,,,,,,,,
GIM,YIO841648,D8000,,,,,,,,,
GIM,YIO843310,D8000,,,,,,,,,
GIM,YIO785031_UFC,D8000,,,,,,,,,
GIM,YIO777027,D8000,,,,,,,,,
GIM,YPO0000570,D8000,,,,,,,,,
GIM,YPO0000756,D8000,,,,,,,,,
GIM,YPO000090022,D8000,,,,,,,,,
GIM,YPO000100007,D8000,,,,,,,,,
GIM,YPP000210002,D8000,,,,,,,,,
GIM,YPP000210009,D8000,,,,,,,,,
GIM,YPP000210011,D8000,,,,,,,,,
GIM,YPP000230001,D8000,,,,,,,,,
GIM,YPQ000180018,D8000,,,,,,,,,
GIM,YPQ000180019,D8000,,,,,,,,,
GIM,YPQ000180022,D8000,,,,,,,,,
GIM,YPQ000180023,D8000,,,,,,,,,
GIM,YPQ000180027,D8000,,,,,,,,,
GIM,YPQ000180028,D8000,,,,,,,,,
GIM,YPO0000208,D8000,,,,,,,,,
GIM,YPO0000209,D8000,,,,,,,,,
GIM,YPO0000212,D8000,,,,,,,,,
GIM,YPO0000206,D8000,,,,,,,,,
GIM,YPO0000519,D8000,,,,,,,,,
GIM,YPO0000703,D8000,,,,,,,,,
GIM,YPO0000702,D8000,,,,,,,,,
GIM,YPO0000244,D8000,,,,,,,,,
GIM,YPO0000245,D8000,,,,,,,,,
GIM,YPO0000543,D8000,,,,,,,,,
GIM,YPO0000548,D8000,,,,,,,,,
GIM,YIO819710,D8000,,,,,,,,,
GIM,YIO819712,D8000,,,,,,,,,
GIM,YIO819563,D8000,,,,,,,,,
GIM,YIO819732,D8000,,,,,,,,,
GIM,YIO819733,D8000,,,,,,,,,
GIM,YIO841649_1,D8000,,,,,,,,,
GIM,YIO841649_2,D8000,,,,,,,,,
GIM,YIO841649_3,D8000,,,,,,,,,
GIM,YIO819766,D8000,,,,,,,,,
GIM,YIO780845_2,D8000,,,,,,,,,
GIM,YIO780845_UFC,D8000,,,,,,,,,
GIM,YIO777910,D8000,,,,,,,,,
GIM,YIO777911,D8000,,,,,,,,,
GIM,YIO777912,D8000,,,,,,,,,
GIM,YIO777913,D8000,,,,,,,,,
GIM,YIO780136,D8000,,,,,,,,,
GIM,YPO1000066,D8000,,,,,,,,,
GIM,YPQ000140027,D8000,,,,,,,,,
GIM,YPQ000140030,D8000,,,,,,,,,
GIM,YPQ000140031,D8000,,,,,,,,,
GIM,YPQ000140034,D8000,,,,,,,,,
GIM,YPO0000114,D8000,,,,,,,,,
GIM,YPO0000116,D8000,,,,,,,,,
GIM,YPO0000505,D8000,,,,,,,,,
GIM,YPO0000507,D8000,,,,,,,,,
GIM,YPO0000504,D8000,,,,,,,,,
GIM,YPO0000622,D8000,,,,,,,,,
GIM,YPO0000723,D8000,,,,,,,,,
GIM,YPO0000724,D8000,,,,,,,,,
GIM,YPO0000725,D8000,,,,,,,,,
GIM,YPO0000722,D8000,,,,,,,,,
GIM,YPP000020014,D8000,,,,,,,,,
GIM,YPP000020016,D8000,,,,,,,,,
GIM,YPP000020017,D8000,,,,,,,,,
GIM,YPP000020019,D8000,,,,,,,,,
GIM,YIO788720,D8000,,,,,,,,,
GIM,YIO788727,D8000,,,,,,,,,
GIM,YIO844860,D8000,,,,,,,,,
GIM,YIO801295,D8000,,,,,,,,,
GIM,YIO849594,D8000,,,,,,,,,
GIM,YIO819735,D8000,,,,,,,,,
GIM,YIO801210_1,D8000,,,,,,,,,
GIM,YIO801210_2,D8000,,,,,,,,,
GIM,YIO801210_3,D8000,,,,,,,,,
GIM,YIO801210_4,D8000,,,,,,,,,
GIM,YIO789019,D8000,,,,,,,,,
GIM,YIO789020,D8000,,,,,,,,,
GIM,YIO789027,D8000,,,,,,,,,
GIM,YIO789031TP1,D8000,,,,,,,,,
GIM,YIO819015,D8000,,,,,,,,,
GIM,YIO782858_2,D8000,,,,,,,,,
GIM,YIO832159,D8000,,,,,,,,,
GIM,YIO777028,D8000,,,,,,,,,
GIM,YIO777029,D8000,,,,,,,,,
GIM,YIO777520,D8000,,,,,,,,,
GIM,YIO780135,D8000,,,,,,,,,
GIM,YIO776730_2,D8000,,,,,,,,,
GIM,YPP000180013,D8000,,,,,,,,,
GIM,YPP000190002,D8000,,,,,,,,,
GIM,YPQ000140035,D8000,,,,,,,,,
GIM,YPQ000150013,D8000,,,,,,,,,
GIM,YPO0000117,D8000,,,,,,,,,
GIM,YPO0000118,D8000,,,,,,,,,
GIM,YPO0000119,D8000,,,,,,,,,
GIM,YPO0000113,D8000,,,,,,,,,
GIM,YPO0000610,D8000,,,,,,,,,
GIM,YPO0000611,D8000,,,,,,,,,
GIM,YPO0000612,D8000,,,,,,,,,
GIM,YPO0000626,D8000,,,,,,,,,
GIM,YPO0000627,D8000,,,,,,,,,
GIM,YPO0000621,D8000,,,,,,,,,
GIM,YPP000100004,D8000,,,,,,,,,
GIM,YPP000020022,D8000,,,,,,,,,
GIM,YPP000020024,D8000,,,,,,,,,
GIM,YPP000130007,D8000,,,,,,,,,
GIM,YPP000130008,D8000,,,,,,,,,
GIM,YPP000140004,D8000,,,,,,,,,
GIM,YPP000140005,D8000,,,,,,,,,
GIM,YIO832833,D8000,,,,,,,,,
GIM,YIO781722_UFC,D8000,,,,,,,,,
GIM,YIO781711_UFC,D8000,,,,,,,,,
GIM,YIO789095TP1,D8000,,,,,,,,,
GIM,YIO789096TP1,D8000,,,,,,,,,
GIM,YIO849227,D8000,,,,,,,,,
GIM,YIO849560,D8000,,,,,,,,,
GIM,YIO849561,D8000,,,,,,,,,
GIM,YIO849562,D8000,,,,,,,,,
GIM,YIO780196,D8000,,,,,,,,,
GIM,YIO819016,D8000,,,,,,,,,
GIM,YIO819019,D8000,,,,,,,,,
GIM,YIO819031,D8000,,,,,,,,,
GIM,YIO819032,D8000,,,,,,,,,
GIM,YIO782859_2,D8000,,,,,,,,,
GIM,YIO788008_2,D8000,,,,,,,,,
GIM,YIO777530,D8000,,,,,,,,,
GIM,YIO777532,D8000,,,,,,,,,
GIM,YIO777210,D8000,,,,,,,,,
GIM,YIO777211,D8000,,,,,,,,,
GIM,YIO777212,D8000,,,,,,,,,
GIM,YIO777213,D8000,,,,,,,,,
GIM,YIO777215,D8000,,,,,,,,,
GIM,YPQ000030064,D8000,,,,,,,,,
GIM,YPQ000090019,D8000,,,,,,,,,
GIM,YPQ000090023,D8000,,,,,,,,,
GIM,YPQ000090030,D8000,,,,,,,,,
GIM,YPQ000100005,D8000,,,,,,,,,
GIM,YPO0000102,D8000,,,,,,,,,
GIM,YPO0000103,D8000,,,,,,,,,
GIM,YPO0000104,D8000,,,,,,,,,
GIM,YPO0000613,D8000,,,,,,,,,
GIM,YPO0000614,D8000,,,,,,,,,
GIM,YPO0000609,D8000,,,,,,,,,
GIM,YPP000090014,D8000,,,,,,,,,
GIM,YPP100150001,D8000,,,,,,,,,
GIM,YPP100150003,D8000,,,,,,,,,
GIM,YIO781529_2,D8000,,,,,,,,,
GIM,YIO819341,D8000,,,,,,,,,
GIM,YIO819396,D8000,,,,,,,,,
GIM,YIO819513,D8000,,,,,,,,,
GIM,YIO777039,D8000,,,,,,,,,
GIM,YIO777540,D8000,,,,,,,,,
GIM,YIO780141,D8000,,,,,,,,,
GIM,YPQ000100008,D8000,,,,,,,,,
GIM,YPO0000105,D8000,,,,,,,,,
GIM,YPO0000321,D8000,,,,,,,,,
GIM,YPO0000601,D8000,,,,,,,,,
GIM,YPO000230020,D8000,,,,,,,,,
GIM,YPO000230023,D8000,,,,,,,,,
GIM,YPO1000100,D8000,,,,,,,,,
GIM,YPO1000553,D8000,,,,,,,,,
GIM,YPO1000556,D8000,,,,,,,,,
GIM,YPO1000557,D8000,,,,,,,,,
GIM,YPO1000558,D8000,,,,,,,,,
GIM,YPP000090016,D8000,,,,,,,,,
GIM,YPQ100180007,D8000,,,,,,,,,
GIM,YPQ100190001,D8000,,,,,,,,,
GIM,YPQ100210005,D8000,,,,,,,,,
GIM,YPQ100230001,D8000,,,,,,,,,
GIM,YPR000030046,D8000,,,,,,,,,
GIM,YPP100210002,D8000,,,,,,,,,
GIM,YIO832991,D8000,,,,,,,,,
GIM,YIO759151_STRIPKIT,D8000,,,,,,,,,
GIM,YIO768482,D8000,,,,,,,,,
GIM,YIO767433,D8000,,,,,,,,,
GIM,YIO768484,D8000,,,,,,,,,
GIM,YIO766633,D8000,,,,,,,,,
GIM,YIO767434,D8000,,,,,,,,,
GIM,YIO767435,D8000,,,,,,,,,
GIM,YIO767436,D8000,,,,,,,,,
GIM,YIO767437,D8000,,,,,,,,,
GIM,YIO767438,D8000,,,,,,,,,
GIM,YIO766070_2,D8000,,,,,,,,,
GIM,YIO766087_2,D8000,,,,,,,,,
GIM,YIO766910,D8000,,,,,,,,,
GIM,YIO766913,D8000,,,,,,,,,
GIM,YIO767491_2,D8000,,,,,,,,,
GIM,YIO766931,D8000,,,,,,,,,
GIM,YIO766914,D8000,,,,,,,,,
GIM,YIO767491_3,D8000,,,,,,,,,
GIM,YIO767491_UFC,D8000,,,,,,,,,
GIM,YIO767491_UFC_2,D8000,,,,,,,,,
GIM,YIO768165_UFC,D8000,,,,,,,,,
GIM,YIO768166_UFC,D8000,,,,,,,,,
GIM,YIO768170_UFC,D8000,,,,,,,,,
GIM,YIO767111,D8000,,,,,,,,,
GIM,YIO767112,D8000,,,,,,,,,
GIM,YIO767622_UFC,D8000,,,,,,,,,
GIM,YIO769463,D8000,,,,,,,,,
GIM,YIO769464,D8000,,,,,,,,,
GIM,YIO769465,D8000,,,,,,,,,
GIM,YIO769466,D8000,,,,,,,,,
GIM,YIO00000213,D8000,,,,,,,,,
GIM,YIOP13976,D8000,,,,,,,,,
GIM,YIO819637,D8000,,,,,,,,,
GIM,YIO761062,D8000,,,,,,,,,
GIM,YIO761063,D8000,,,,,,,,,
GIM,YIO752644,D8000,,,,,,,,,
GIM,YIO769500,D8000,,,,,,,,,
GIM,YIO769505,D8000,,,,,,,,,
GIM,YIO769506,D8000,,,,,,,,,
GIM,YIO769520,D8000,,,,,,,,,
GIM,YIO767439,D8000,,,,,,,,,
GIM,YIO766636,D8000,,,,,,,,,
GIM,YIO767440,D8000,,,,,,,,,
GIM,YIO767444,D8000,,,,,,,,,
GIM,YIO766647,D8000,,,,,,,,,
GIM,YIO767448,D8000,,,,,,,,,
GIM,YIO767449,D8000,,,,,,,,,
GIM,YIO767476_2,D8000,,,,,,,,,
GIM,YIO767476_UFC,D8000,,,,,,,,,
GIM,YIO767462_UFC,D8000,,,,,,,,,
GIM,YIO767476_UFC_2,D8000,,,,,,,,,
GIM,YIO767477_UFC,D8000,,,,,,,,,
GIM,YIO769094,D8000,,,,,,,,,
GIM,YIO768174_UFC,D8000,,,,,,,,,
GIM,YIO769457,D8000,,,,,,,,,
GIM,YIO769460,D8000,,,,,,,,,
GIM,YIO769461,D8000,,,,,,,,,
GIM,YIO769462,D8000,,,,,,,,,
GIM,YIO200230057,D8000,,,,,,,,,
GIM,YIO761061,D8000,,,,,,,,,
GIM,YIO761064,D8000,,,,,,,,,
GIM,YIO761067,D8000,,,,,,,,,
GIM,YIO761068,D8000,,,,,,,,,
GIM,YIO752811,D8000,,,,,,,,,
GIM,YIO752810,D8000,,,,,,,,,
GIM,YIO754118,D8000,,,,,,,,,
GIM,YIO754121,D8000,,,,,,,,,
GIM,YIO754122,D8000,,,,,,,,,
GIM,YIO754128,D8000,,,,,,,,,
GIM,YIO770805_2,D8000,,,,,,,,,
GIM,YIO770805_B,D8000,,,,,,,,,
GIM,YIO769525,D8000,,,,,,,,,
GIM,YIO767446,D8000,,,,,,,,,
GIM,YIO767441,D8000,,,,,,,,,
GIM,YIO767442,D8000,,,,,,,,,
GIM,YIO767445,D8000,,,,,,,,,
GIM,YIO767461_UFC,D8000,,,,,,,,,
GIM,YIO768036,D8000,,,,,,,,,
GIM,YIO769005,D8000,,,,,,,,,
GIM,YIO769006,D8000,,,,,,,,,
GIM,YIO769007,D8000,,,,,,,,,
GIM,YIO769076,D8000,,,,,,,,,
GIM,YIO769011,D8000,,,,,,,,,
GIM,YIO769018,D8000,,,,,,,,,
GIM,YIO769077,D8000,,,,,,,,,
GIM,YIO769582,D8000,,,,,,,,,
GIM,YIO769594,D8000,,,,,,,,,
GIM,YIO771160_UFC,D8000,,,,,,,,,
GIM,YIO35421950,D8000,,,,,,,,,
GIM,YIO35421955,D8000,,,,,,,,,
GIM,YIO769470,D8000,,,,,,,,,
GIM,YIO769473,D8000,,,,,,,,,
GIM,YIO769474,D8000,,,,,,,,,
GIM,YIO769477,D8000,,,,,,,,,
GIM,YIO754132,D8000,,,,,,,,,
GIM,YIO756301_FOK,D8000,,,,,,,,,
GIM,YIO773435_UFC_2,D8000,,,,,,,,,
GIM,YIO773435_UFC,D8000,,,,,,,,,
GIM,YIO769526,D8000,,,,,,,,,
GIM,YIO769527,D8000,,,,,,,,,
GIM,YIO769001,D8000,,,,,,,,,
GIM,YIO769002,D8000,,,,,,,,,
GIM,YIO769003,D8000,,,,,,,,,
GIM,YIO769008,D8000,,,,,,,,,
GIM,YIO769009,D8000,,,,,,,,,
GIM,YIO769010,D8000,,,,,,,,,
GIM,YIO771101,D8000,,,,,,,,,
GIM,YIO772730_2,D8000,,,,,,,,,
GIM,YIO771111_2,D8000,,,,,,,,,
GIM,YIO771111_UFC,D8000,,,,,,,,,
GIM,YIO771160_2,D8000,,,,,,,,,
GIM,YIO771222,D8000,,,,,,,,,
GIM,YIO773030_2,D8000,,,,,,,,,
GIM,YIO773155,D8000,,,,,,,,,
GIM,YIO773209,D8000,,,,,,,,,
GIM,YIO35419550,D8000,,,,,,,,,
GIM,YIO35419555,D8000,,,,,,,,,
GIM,YIO5106000900,D8000,,,,,,,,,
GIM,YIO510600100,D8000,,,,,,,,,
GIM,YIO5106001100,D8000,,,,,,,,,
GIM,YIO756734,D8000,,,,,,,,,
GIM,YIO756732,D8000,,,,,,,,,
GIM,YIO756733,D8000,,,,,,,,,
GIM,YIO769536,D8000,,,,,,,,,
GIM,YIO769537,D8000,,,,,,,,,
GIM,YIO769550,D8000,,,,,,,,,
GIM,YIO769551,D8000,,,,,,,,,
GIM,YIO769552,D8000,,,,,,,,,
GIM,YIO770855_2,D8000,,,,,,,,,
GIM,YIO770855_UFC,D8000,,,,,,,,,
GIM,YIO770865_UFC,D8000,,,,,,,,,
GIM,YIO770920_UFC,D8000,,,,,,,,,
GIM,YIO770921_UFC,D8000,,,,,,,,,
GIM,YIO770922_UFC,D8000,,,,,,,,,
GIM,YIO773831_2,D8000,,,,,,,,,
GIM,YIO773831_3,D8000,,,,,,,,,
GIM,YIO773831_UFC,D8000,,,,,,,,,
GIM,YIO773906,D8000,,,,,,,,,
GIM,YIO773905,D8000,,,,,,,,,
GIM,YIO771411,D8000,,,,,,,,,
GIM,YIO773140,D8000,,,,,,,,,
GIM,YIO773228,D8000,,,,,,,,,
GIM,YIO200230059,D8000,,,,,,,,,
GIM,YIO200230064,D8000,,,,,,,,,
GIM,YIO752817,D8000,,,,,,,,,
GIM,YIO752812_1,D8000,,,,,,,,,
GIM,YIO752812_2,D8000,,,,,,,,,
GIM,YIO752828,D8000,,,,,,,,,
GIM,YIO752830,D8000,,,,,,,,,
GIM,YIO754135,D8000,,,,,,,,,
GIM,YIO752910,D8000,,,,,,,,,
GIM,YIO752911,D8000,,,,,,,,,
GIM,YIO772222,D8000,,,,,,,,,
GIM,YIO772241,D8000,,,,,,,,,
GIM,YIO754110,D8000,,,,,,,,,
GIM,YIO754111,D8000,,,,,,,,,
GIM,YIO754738,D8000,,,,,,,,,
GIM,YIO200240031,D8000,,,,,,,,,
GIM,YIO2017019597,D8000,,,,,,,,,
GIM,YIO767414,D8000,,,,,,,,,
GIM,YIO761077,D8000,,,,,,,,,
GIM,YIO761070,D8000,,,,,,,,,
GIM,YIO762467,D8000,,,,,,,,,
GIM,YIO752915,D8000,,,,,,,,,
GIM,YIO752912_1,D8000,,,,,,,,,
GIM,YIO752912_2,D8000,,,,,,,,,
GIM,YIO752914,D8000,,,,,,,,,
GIM,YIO756166,D8000,,,,,,,,,
GIM,YIO1121104003,D8000,,,,,,,,,
GIM,YIO1121118001,D8000,,,,,,,,,
GIM,YIO754112_1,D8000,,,,,,,,,
GIM,YIO754112_2,D8000,,,,,,,,,
GIM,YIO754114,D8000,,,,,,,,,
GIM,YIO754115,D8000,,,,,,,,,
GIM,YIO754116,D8000,,,,,,,,,
GIM,YIO767419,D8000,,,,,,,,,
GIM,YIO767416,D8000,,,,,,,,,
GIM,YIO767417,D8000,,,,,,,,,
GIM,YIO767418,D8000,,,,,,,,,
GIM,YIO767420,D8000,,,,,,,,,
GIM,YIO762553,D8000,,,,,,,,,
GIM,YIO762465,D8000,,,,,,,,,
GIM,YIO762466,D8000,,,,,,,,,
GIM,YIO763875,D8000,,,,,,,,,
GIM,YIO752916,D8000,,,,,,,,,
GIM,YIO752920,D8000,,,,,,,,,
GIM,YIO755727,D8000,,,,,,,,,
GIM,YIO755730,D8000,,,,,,,,,
GIM,YIO755969,D8000,,,,,,,,,
GIM,YIO756162_1,D8000,,,,,,,,,
GIM,YIO756161,D8000,,,,,,,,,
GIM,YIO756162_2,D8000,,,,,,,,,
GIM,YIO756164,D8000,,,,,,,,,
GIM,YIO756165,D8000,,,,,,,,,
GIM,YIO754117,D8000,,,,,,,,,
GIM,YIO755073,D8000,,,,,,,,,
GIM,YIO769478,D8000,,,,,,,,,
GIM,YIO763874,D8000,,,,,,,,,
GIM,YIO761090,D8000,,,,,,,,,
GIM,YIO761110,D8000,,,,,,,,,
GIM,YIO761079,D8000,,,,,,,,,
GIM,YIO752927,D8000,,,,,,,,,
GIM,YIO754456,D8000,,,,,,,,,
GIM,YIO754457,D8000,,,,,,,,,
GIM,YIO755710,D8000,,,,,,,,,
GIM,YIO755711,D8000,,,,,,,,,
GIM,YIO755712_1,D8000,,,,,,,,,
GIM,YIO755712_2,D8000,,,,,,,,,
GIM,YIO755717,D8000,,,,,,,,,
GIM,YIO755718,D8000,,,,,,,,,
GIM,YIO755719,D8000,,,,,,,,,
GIM,YIO755720,D8000,,,,,,,,,
GIM,YIO755722,D8000,,,,,,,,,
GIM,YIO755715,D8000,,,,,,,,,
GIM,YIO755961,D8000,,,,,,,,,
GIM,YIO755736,D8000,,,,,,,,,
GIM,YIO755741,D8000,,,,,,,,,
GIM,YIO35409830,D8000,,,,,,,,,
GIM,YIO35420150,D8000,,,,,,,,,
GIM,YIO756210,D8000,,,,,,,,,
GIM,YIO769483,D8000,,,,,,,,,
GIM,YIO769485,D8000,,,,,,,,,
GIM,YIO762919,D8000,,,,,,,,,
GIM,YIO765401,D8000,,,,,,,,,
GIM,YIO753112_2,D8000,,,,,,,,,
GIM,YIO753112_1,D8000,,,,,,,,,
GIM,YIO754571,D8000,,,,,,,,,
GIM,YIO753114,D8000,,,,,,,,,
GIM,YIO753115,D8000,,,,,,,,,
GIM,YIO754664,D8000,,,,,,,,,
GIM,YIO754672,D8000,,,,,,,,,
GIM,YIO755714,D8000,,,,,,,,,
GIM,YIO761051,D8000,,,,,,,,,
GIM,YIO761057,D8000,,,,,,,,,
GIM,YIO761060,D8000,,,,,,,,,
GIM,YIO000230001,D8000,,,,,,,,,
GIM,YIO000230004,D8000,,,,,,,,,
GIM,YIO000230005,D8000,,,,,,,,,
GIM,YIO35421450,D8000,,,,,,,,,
GIM,YIO35421455,D8000,,,,,,,,,
GIM,YIO766610,D8000,,,,,,,,,
GIM,YIO766611,D8000,,,,,,,,,
GIM,YIO765505,D8000,,,,,,,,,
GIM,YIO761111,D8000,,,,,,,,,
GIM,YIO761114,D8000,,,,,,,,,
GIM,YIO761112,D8000,,,,,,,,,
GIM,YIO761113,D8000,,,,,,,,,
GIM,YIO761118,D8000,,,,,,,,,
GIM,YIO756933,D8000,,,,,,,,,
GIM,YIO754662_1,D8000,,,,,,,,,
GIM,YIO754660,D8000,,,,,,,,,
GIM,YIO754661,D8000,,,,,,,,,
GIM,YIO754662_2,D8000,,,,,,,,,
GIM,YIO760045,D8000,,,,,,,,,
GIM,YIO760478_1,D8000,,,,,,,,,
GIM,YIO760046,D8000,,,,,,,,,
GIM,YIO760407_1_1,D8000,,,,,,,,,
GIM,YIO760419_SM,D8000,,,,,,,,,
GIM,YIO760861,D8000,,,,,,,,,
GIM,YIO760827,D8000,,,,,,,,,
GIM,YIO760838,D8000,,,,,,,,,
GIM,YIO760865_TP1,D8000,,,,,,,,,
GIM,YIO760813,D8000,,,,,,,,,
GIM,YIO000230006,D8000,,,,,,,,,
GIM,YIO767424,D8000,,,,,,,,,
GIM,YIO767421,D8000,,,,,,,,,
GIM,YIO767422,D8000,,,,,,,,,
GIM,YIO767423,D8000,,,,,,,,,
GIM,YIO767425,D8000,,,,,,,,,
GIM,YIO767426,D8000,,,,,,,,,
GIM,YIO768455,D8000,,,,,,,,,
GIM,YIO768480,D8000,,,,,,,,,
GIM,YIO768481,D8000,,,,,,,,,
GIM,YIO766612,D8000,,,,,,,,,
GIM,YIO766613,D8000,,,,,,,,,
GIM,YIO765427,D8000,,,,,,,,,
GIM,YIO759951_FOK,D8000,,,,,,,,,
GIM,YIO760010,D8000,,,,,,,,,
GIM,YIO760011,D8000,,,,,,,,,
GIM,YIO761873,D8000,,,,,,,,,
GIM,YIO761864,D8000,,,,,,,,,
GIM,YIO760810,D8000,,,,,,,,,
GIM,YIO760812,D8000,,,,,,,,,
GIM,YIO763430,D8000,,,,,,,,,
GIM,YIO763462,D8000,,,,,,,,,
GIM,YIO763823,D8000,,,,,,,,,
GIM,YIO054500800,D8000,,,,,,,,,
GIM,YIO767427,D8000,,,,,,,,,
GIM,YIO766614,D8000,,,,,,,,,
GIM,YIO767428,D8000,,,,,,,,,
GIM,YIO767429,D8000,,,,,,,,,
GIM,YIO767430,D8000,,,,,,,,,
GIM,YIO767431,D8000,,,,,,,,,
GIM,YIO767432,D8000,,,,,,,,,
GIM,YIO765422,D8000,,,,,,,,,
GIM,YIO761137,D8000,,,,,,,,,
GIM,YIO759964,D8000,,,,,,,,,
GIM,YIO759966,D8000,,,,,,,,,
GIM,YIO760012,D8000,,,,,,,,,
GIM,YIO760013,D8000,,,,,,,,,
GIM,YIO760014,D8000,,,,,,,,,
GIM,YIO760016,D8000,,,,,,,,,
GIM,YIO765040,D8000,,,,,,,,,
GIM,YIO763308,D8000,,,,,,,,,
GIM,YIO763309,D8000,,,,,,,,,
GIM,YIO763310_2,D8000,,,,,,,,,
GIM,YIO763312,D8000,,,,,,,,,
GIM,YIO763328_2,D8000,,,,,,,,,
GIM,YIO763330,D8000,,,,,,,,,
GIM,YIO763332_2,D8000,,,,,,,,,
GIM,YIO761420,D8000,,,,,,,,,
GIM,YIO761765,D8000,,,,,,,,,
GIM,YIO763271,D8000,,,,,,,,,
GIM,YIO763285,D8000,,,,,,,,,
GIM,YIO765465_UFC,D8000,,,,,,,,,
GIM,YIO765466_UFC,D8000,,,,,,,,,
GIM,YIO765470_2,D8000,,,,,,,,,
GIM,YIO765470_3,D8000,,,,,,,,,
GIM,YIO765470_UFC,D8000,,,,,,,,,
GIM,YIO765470_UFC_2,D8000,,,,,,,,,
GIM,YIO765471_UFC,D8000,,,,,,,,,
GIM,YIO765238_M,D8000,,,,,,,,,
GIM,YIO224700100,D8000,,,,,,,,,
GIM,YIO765435,D8000,,,,,,,,,
GIM,YIO765440,D8000,,,,,,,,,
GIM,YIO765428,D8000,,,,,,,,,
GIM,YIO763184,D8000,,,,,,,,,
GIM,YIO765441,D8000,,,,,,,,,
GIM,YIO765459_UFC,D8000,,,,,,,,,
GIM,YIO765463_UFC,D8000,,,,,,,,,
GIM,YIO765463_UFC_2,D8000,,,,,,,,,
GIM,YIO765550_2,D8000,,,,,,,,,
GIM,YIO766137_2,D8000,,,,,,,,,
GIM,YIO766142,D8000,,,,,,,,,
GIM,YIO765550_UFC,D8000,,,,,,,,,
GIM,YIO765550_UFC_2,D8000,,,,,,,,,
GIM,YIO765473_UFC,D8000,,,,,,,,,
GIM,YIO766329,D8000,,,,,,,,,
GIM,YIO766316,D8000,,,,,,,,,
GIM,YIO766310,D8000,,,,,,,,,
GIM,YIO767401,D8000,,,,,,,,,
GIM,YIO766351,D8000,,,,,,,,,
GIM,YIO767409,D8000,,,,,,,,,
GIM,YIO767410,D8000,,,,,,,,,
GIM,YIO767411,D8000,,,,,,,,,
GIM,YIO767412,D8000,,,,,,,,,
GIM,YIO767413,D8000,,,,,,,,,
GIM,YIO000230010,D8000,,,,,,,,,
GIM,YIO000230008,D8000,,,,,,,,,
GIM,YIO35418850,D8000,,,,,,,,,
GIM,YIO35418855,D8000,,,,,,,,,
GIM,YIO766916,D8000,,,,,,,,,
GIM,YIO766920,D8000,,,,,,,,,
GIM,YIO766935,D8000,,,,,,,,,
GIM,YIO766948,D8000,,,,,,,,,
GIM,YIO766143,D8000,,,,,,,,,
GIM,YIO767051,D8000,,,,,,,,,
GIM,YIO767061,D8000,,,,,,,,,
GIM,YIO767062,D8000,,,,,,,,,
GIM,YIO766288,D8000,,,,,,,,,
GIM,YIO767101,D8000,,,,,,,,,
GIM,YIO766290,D8000,,,,,,,,,
GIM,YIO766301,D8000,,,,,,,,,
GIM,YIO767407,D8000,,,,,,,,,
GIM,YIO768185,D8000,,,,,,,,,
GIM,YIO35404316,D8000,,,,,,,,,
GIM,YIO00000181,D8000,,,,,,,,,
GIM,YIO00000183,D8000,,,,,,,,,
GIM,YPZ100230005,D8000,,,,,,,,,
GIM,YIOP14133,D8000,,,,,,,,,
GIM,YIOP14134,D8000,,,,,,,,,
GIM,YIOP5027,D8000,,,,,,,,,
GIM,YIO776178,D8000,,,,,,,,,
GIM,YIO758261,D8000,,,,,,,,,
GIM,YIO758144,D8000,,,,,,,,,
GIM,YIO764060,D8000,,,,,,,,,
GIM,YIO756994,D8000,,,,,,,,,
GIM,YIO756997,D8000,,,,,,,,,
GIM,YIOP14125,D8000,,,,,,,,,
GIM,YIOP14238,D8000,,,,,,,,,
GIM,YIOP14239,D8000,,,,,,,,,
GIM,YIOP3651,D8000,,,,,,,,,
GIM,YIO764266,D8000,,,,,,,,,
GIM,YIO764267,D8000,,,,,,,,,
GIM,YIO764268,D8000,,,,,,,,,
GIM,YIO764268_2,D8000,,,,,,,,,
GIM,YIO700949_7,D8000,,,,,,,,,
GIM,YIO593500600,D8000,,,,,,,,,
GIM,YIOP14122,D8000,,,,,,,,,
GIM,YIOP14123,D8000,,,,,,,,,
GIM,YIO758088,D8000,,,,,,,,,
GIM,YIO764614,D8000,,,,,,,,,
GIM,YIO776020,D8000,,,,,,,,,
GIM,YIO776023,D8000,,,,,,,,,
GIM,YIO765001,D8000,,,,,,,,,
GIM,YIO765013,D8000,,,,,,,,,
GIM,YIO776134,D8000,,,,,,,,,
GIM,YIO776136,D8000,,,,,,,,,
GIM,YIOP3485,D8000,,,,,,,,,
GIM,YIO767791_UFC_1,D8000,,,,,,,,,
GIM,YIO776101,D8000,,,,,,,,,
GIM,YIO746159,D8000,,,,,,,,,
GIM,YIO758057,D8000,,,,,,,,,
GIM,YIO758061,D8000,,,,,,,,,
GIM,YIO700739_11,D8000,,,,,,,,,
GIM,YIO658600100,D8000,,,,,,,,,
GIM,YIOP9132,D8000,,,,,,,,,
GIM,YIO758286,D8000,,,,,,,,,
GIM,YIO758290,D8000,,,,,,,,,
GIM,YIO756999,D8000,,,,,,,,,
GIM,YIO764359,D8000,,,,,,,,,
GIM,YIOP5966,D8000,,,,,,,,,
GIM,YIO700739_14,D8000,,,,,,,,,
GIM,YIO700739_15,D8000,,,,,,,,,
GIM,YIO700739_9,D8000,,,,,,,,,
GIM,YIOP14218,D8000,,,,,,,,,
GIM,YIO758096,D8000,,,,,,,,,
GIM,YIO758131,D8000,,,,,,,,,
GIM,YIO776028,D8000,,,,,,,,,
GIM,YIO776035,D8000,,,,,,,,,
GIM,YIO776036,D8000,,,,,,,,,
GIM,YIO745313_1,D8000,,,,,,,,,
GIM,YIO764278,D8000,,,,,,,,,
GIM,YIO765037,D8000,,,,,,,,,
GIM,YIO776105,D8000,,,,,,,,,
GIM,YIO776109,D8000,,,,,,,,,
GIM,YIO658600150,D8000,,,,,,,,,
GIM,YIO658600151,D8000,,,,,,,,,
GIM,YIOUCC0400680S,D8000,,,,,,,,,
GIM,YIOS82508,D8000,,,,,,,,,
GIM,YIO764615,D8000,,,,,,,,,
GIM,YIO764616,D8000,,,,,,,,,
GIM,YIO745316,D8000,,,,,,,,,
GIM,YIO745313_2,D8000,,,,,,,,,
GIM,YIO745314,D8000,,,,,,,,,
GIM,YIO745315,D8000,,,,,,,,,
GIM,YIO776120,D8000,,,,,,,,,
GIM,YIO776115,D8000,,,,,,,,,
GIM,YIO776116,D8000,,,,,,,,,
GIM,YIO776119,D8000,,,,,,,,,
GIM,YIOP13790,D8000,,,,,,,,,
GIM,YIOP14209,D8000,,,,,,,,,
GIM,YIOP14213,D8000,,,,,,,,,
GIM,YIOS82500,D8000,,,,,,,,,
GIM,YIOS82503,D8000,,,,,,,,,
GIM,YIOS82518,D8000,,,,,,,,,
GIM,YIOS82525,D8000,,,,,,,,,
GIM,YIO764618,D8000,,,,,,,,,
GIM,YIO764620_UFC,D8000,,,,,,,,,
GIM,YIO758310,D8000,,,,,,,,,
GIM,YIO758311,D8000,,,,,,,,,
GIM,YIO758312_1,D8000,,,,,,,,,
GIM,YIO758312_2,D8000,,,,,,,,,
GIM,YIO758070,D8000,,,,,,,,,
GIM,YIO758074,D8000,,,,,,,,,
GIM,YIOP14066,D8000,,,,,,,,,
GIM,YIO776009,D8000,,,,,,,,,
GIM,YIO776010,D8000,,,,,,,,,
GIM,YIO776011,D8000,,,,,,,,,
GIM,YIO776012,D8000,,,,,,,,,
GIM,YIO776013,D8000,,,,,,,,,
GIM,YIO764065,D8000,,,,,,,,,
GIM,YIO764066,D8000,,,,,,,,,
GIM,YIO764064,D8000,,,,,,,,,
GIM,YIO764283_2,D8000,,,,,,,,,
GIM,YIOP13784,D8000,,,,,,,,,
GIM,YIOS44811,D8000,,,,,,,,,
GIM,YIOUCS0401250S,D8000,,,,,,,,,
GIM,YPC000160021,D8000,,,,,,,,,
GIM,YPM000030057,D8000,,,,,,,,,
GIM,YPM000030047,D8000,,,,,,,,,
GIM,YPM000030049,D8000,,,,,,,,,
GIM,YPM000030056,D8000,,,,,,,,,
GIM,YPM000030061,D8000,,,,,,,,,
GIM,YPM000030043,D8000,,,,,,,,,
GIM,YIO764880,D8000,,,,,,,,,
GIM,YIO776040,D8000,,,,,,,,,
GIM,YIO776042,D8000,,,,,,,,,
GIM,YIO776122,D8000,,,,,,,,,
GIM,YIO776124,D8000,,,,,,,,,
GIM,YIO776127,D8000,,,,,,,,,
GIM,YIO774401,D8000,,,,,,,,,
GIM,YIO774710,D8000,,,,,,,,,
GIM,YIO774711,D8000,,,,,,,,,
GIM,YIOSTSPT50_FOK,D8000,,,,,,,,,
GIM,YIOTOOLING_MOD,D8000,,,,,,,,,
GIM,YIOP14182,D8000,,,,,,,,,
GIM,YIOP14180,D8000,,,,,,,,,
GIM,YIOP14181,D8000,,,,,,,,,
GIM,YPM000020041,D8000,,,,,,,,,
GIM,YPM000020043,D8000,,,,,,,,,
GIM,YPM000020044,D8000,,,,,,,,,
GIM,YPM000030023,D8000,,,,,,,,,
GIM,YIO774712,D8000,,,,,,,,,
GIM,YIO774713,D8000,,,,,,,,,
GIM,YIO758141,D8000,,,,,,,,,
GIM,YIO776127_1,D8000,,,,,,,,,
GIM,YIO776158,D8000,,,,,,,,,
GIM,YIOSTSPT60_FSK,D8000,,,,,,,,,
GIM,YIOP14339,D8000,,,,,,,,,
GIM,YIOP14193,D8000,,,,,,,,,
GIM,YIOP14194,D8000,,,,,,,,,
GIM,YPM000020023,D8000,,,,,,,,,
GIM,YPM000030042,D8000,,,,,,,,,
GIM,YPM000020025,D8000,,,,,,,,,
GIM,YIO756988,D8000,,,,,,,,,
GIM,YIO758320,D8000,,,,,,,,,
GIM,YIO758327,D8000,,,,,,,,,
GIM,YIO7325917116,D8000,,,,,,,,,
GIM,YIOS82529,D8000,,,,,,,,,
GIM,YIOP13760S,D8000,,,,,,,,,
GIM,YIOP14141,D8000,,,,,,,,,
GIM,YIOP14142,D8000,,,,,,,,,
GIM,YIOP14145,D8000,,,,,,,,,
GIM,YIOP14147,D8000,,,,,,,,,
GIM,YIOP14148,D8000,,,,,,,,,
GIM,YIOP14183,D8000,,,,,,,,,
GIM,YIOP14184,D8000,,,,,,,,,
GIM,YIOP14369,D8000,,,,,,,,,
GIM,YIO758078,D8000,,,,,,,,,
GIM,YIO758338,D8000,,,,,,,,,
GIM,YIO758314,D8000,,,,,,,,,
GIM,YIO758075,D8000,,,,,,,,,
GIM,YIO758076,D8000,,,,,,,,,
GIM,YIO758077,D8000,,,,,,,,,
GIM,YPM100030001,D8000,,,,,,,,,
GIM,YPM100030005,D8000,,,,,,,,,
GIM,YPM100030008,D8000,,,,,,,,,
GIM,YPM000160008,D8000,,,,,,,,,
GIM,YIOP13751,D8000,,,,,,,,,
GIM,YIOP14184S,D8000,,,,,,,,,
GIM,YIOP14186,D8000,,,,,,,,,
GIM,YIOP13995,D8000,,,,,,,,,
GIM,YIO764610,D8000,,,,,,,,,
GIM,YIO776015,D8000,,,,,,,,,
GIM,YIO776014,D8000,,,,,,,,,
GIM,YIO776014_2,D8000,,,,,,,,,
GIM,YIO776016,D8000,,,,,,,,,
GIM,YIO776017,D8000,,,,,,,,,
GIM,YIO764978,D8000,,,,,,,,,
GIM,YIO776127_H,D8000,,,,,,,,,
GIM,YIO767768_UFC,D8000,,,,,,,,,
GIM,YIO6503042700,D8000,,,,,,,,,
GIM,YPM000080018,D8000,,,,,,,,,
GIM,YPM000030063,D8000,,,,,,,,,
GIM,YPM000080017,D8000,,,,,,,,,
GIM,YPM000030062,D8000,,,,,,,,,
GIM,YIOP13753,D8000,,,,,,,,,
GIM,YIOP14130,D8000,,,,,,,,,
GIM,YIOP14131,D8000,,,,,,,,,
GIM,YIOP14132,D8000,,,,,,,,,
GIM,YPC000140008,D8000,,,,,,,,,
GIM,YIOP13651,D8000,,,,,,,,,
GIM,YIOP14102,D8000,,,,,,,,,
GIM,YIO767778_UFC,D8000,,,,,,,,,
GIM,YIO767791_UFC,D8000,,,,,,,,,
GIM,YIO758145,D8000,,,,,,,,,
GIM,YIO758146,D8000,,,,,,,,,
GIM,YIO900917,D8000,,,,,,,,,
GIM,YIO900917_UFC,D8000,,,,,,,,,
GIM,YIO900983,D8000,,,,,,,,,
GIM,YIO786530,D8000,,,,,,,,,
GIM,YIO787139,D8000,,,,,,,,,
GIM,YIO900997,D8000,,,,,,,,,
GIM,YIO901101,D8000,,,,,,,,,
GIM,YIO786819,D8000,,,,,,,,,
GIM,YIO786820,D8000,,,,,,,,,
GIM,YIO901021,D8000,,,,,,,,,
GIM,YIO851486,D8000,,,,,,,,,
GIM,YIO901511,D8000,,,,,,,,,
GIM,YIO852231,D8000,,,,,,,,,
GIM,YIO852224,D8000,,,,,,,,,
GIM,YIO787140,D8000,,,,,,,,,
GIM,YIO787141,D8000,,,,,,,,,
GIM,YIO901527,D8000,,,,,,,,,
GIM,YIO901103,D8000,,,,,,,,,
GIM,YIO901526,D8000,,,,,,,,,
GIM,YIO901529,D8000,,,,,,,,,
GIM,YIO787762,D8000,,,,,,,,,
GIM,YIO901022,D8000,,,,,,,,,
GIM,YIO901024,D8000,,,,,,,,,
GIM,YIO901025,D8000,,,,,,,,,
GIM,YIO901027,D8000,,,,,,,,,
GIM,YIO786008_UFC,D8000,,,,,,,,,
GIM,YIO782140,D8000,,,,,,,,,
GIM,YIO782141,D8000,,,,,,,,,
GIM,YIO851015,D8000,,,,,,,,,
GIM,YIO787767,D8000,,,,,,,,,
GIM,YIO7942000900,D8000,,,,,,,,,
GIM,YIO7942001000,D8000,,,,,,,,,
GIM,YIO7942001001,D8000,,,,,,,,,
GIM,YIO780840_2,D8000,,,,,,,,,
GIM,YIO780841_2,D8000,,,,,,,,,
GIM,YIO780841_UFC,D8000,,,,,,,,,
GIM,YIO886241,D8000,,,,,,,,,
GIM,YIO886242,D8000,,,,,,,,,
GIM,YIO886243,D8000,,,,,,,,,
GIM,YIO881888,D8000,,,,,,,,,
GIM,YIO885576_R1,D8000,,,,,,,,,
GIM,YIO782910,D8000,,,,,,,,,
GIM,YIO900934,D8000,,,,,,,,,
GIM,YIO900024,D8000,,,,,,,,,
GIM,YIO900025,D8000,,,,,,,,,
GIM,YIO900056,D8000,,,,,,,,,
GIM,YIO881893_15,D8000,,,,,,,,,
GIM,YIO883071_1,D8000,,,,,,,,,
GIM,YIO900920,D8000,,,,,,,,,
GIM,YIO900920_UFC,D8000,,,,,,,,,
GIM,YIO787143,D8000,,,,,,,,,
GIM,YIO901009,D8000,,,,,,,,,
GIM,YIO900934_UFC,D8000,,,,,,,,,
GIM,YIO900935,D8000,,,,,,,,,
GIM,YIO901008,D8000,,,,,,,,,
GIM,YIO901001,D8000,,,,,,,,,
GIM,YIO901005,D8000,,,,,,,,,
GIM,YIO901104,D8000,,,,,,,,,
GIM,YIO786827,D8000,,,,,,,,,
GIM,YIO900951,D8000,,,,,,,,,
GIM,YIO901032,D8000,,,,,,,,,
GIM,YIO787127,D8000,,,,,,,,,
GIM,YIO787128,D8000,,,,,,,,,
GIM,YIO787146,D8000,,,,,,,,,
GIM,YIO901108,D8000,,,,,,,,,
GIM,YIO901105,D8000,,,,,,,,,
GIM,YIO901106,D8000,,,,,,,,,
GIM,YIO901107,D8000,,,,,,,,,
GIM,YIO901132,D8000,,,,,,,,,
GIM,YIO780842_2,D8000,,,,,,,,,
GIM,YIO852236_NP,D8000,,,,,,,,,
GIM,YIO782310,D8000,,,,,,,,,
GIM,YIO780830_2,D8000,,,,,,,,,
GIM,YIO782311,D8000,,,,,,,,,
GIM,YIO782312,D8000,,,,,,,,,
GIM,YIO782313,D8000,,,,,,,,,
GIM,YIO851406,D8000,,,,,,,,,
GIM,YIO851410,D8000,,,,,,,,,
GIM,YIO851411,D8000,,,,,,,,,
GIM,YIO851412,D8000,,,,,,,,,
GIM,YIO900201,D8000,,,,,,,,,
GIM,YIO900201_KIT_A,D8000,,,,,,,,,
GIM,YIO900201_KIT_B,D8000,,,,,,,,,
GIM,YIO900201_KIT_C,D8000,,,,,,,,,
GIM,YIO883187_4,D8000,,,,,,,,,
GIM,YIO884647,D8000,,,,,,,,,
GIM,YIO884648,D8000,,,,,,,,,
GIM,YIO786630,D8000,,,,,,,,,
GIM,YIO900935_UFC,D8000,,,,,,,,,
GIM,YIO900936,D8000,,,,,,,,,
GIM,YIO900959,D8000,,,,,,,,,
GIM,YIO901014,D8000,,,,,,,,,
GIM,YIO900936_UFC,D8000,,,,,,,,,
GIM,YIO900937,D8000,,,,,,,,,
GIM,YIO900937_UFC,D8000,,,,,,,,,
GIM,YIO901015,D8000,,,,,,,,,
GIM,YIO901010,D8000,,,,,,,,,
GIM,YIO901011,D8000,,,,,,,,,
GIM,YIO901012,D8000,,,,,,,,,
GIM,YIO901013,D8000,,,,,,,,,
GIM,YIO853026,D8000,,,,,,,,,
GIM,YIO787754,D8000,,,,,,,,,
GIM,YIO901114,D8000,,,,,,,,,
GIM,YIO901115,D8000,,,,,,,,,
GIM,YIO787777,D8000,,,,,,,,,
GIM,YIO782210,D8000,,,,,,,,,
GIM,YIO782210_TP,D8000,,,,,,,,,
GIM,YIO900926,D8000,,,,,,,,,
GIM,YIO852301,D8000,,,,,,,,,
GIM,YIO7942000501,D8000,,,,,,,,,
GIM,YIO7942000400,D8000,,,,,,,,,
GIM,YIO7942000401,D8000,,,,,,,,,
GIM,YIO7942000500,D8000,,,,,,,,,
GIM,YIO782316,D8000,,,,,,,,,
GIM,YIO780831_2,D8000,,,,,,,,,
GIM,YIO782319,D8000,,,,,,,,,
GIM,YIO782320,D8000,,,,,,,,,
GIM,YIO782315,D8000,,,,,,,,,
GIM,YIO782325,D8000,,,,,,,,,
GIM,YIO851414,D8000,,,,,,,,,
GIM,YIO851413,D8000,,,,,,,,,
GIM,YIO851417,D8000,,,,,,,,,
GIM,YIO851418,D8000,,,,,,,,,
GIM,YIO786836,D8000,,,,,,,,,
GIM,YIO786841,D8000,,,,,,,,,
GIM,YIO786901,D8000,,,,,,,,,
GIM,YIO901151,D8000,,,,,,,,,
GIM,YIO901155,D8000,,,,,,,,,
GIM,YIO853613,D8000,,,,,,,,,
GIM,YIO787131,D8000,,,,,,,,,
GIM,YIO854610,D8000,,,,,,,,,
GIM,YIO854611,D8000,,,,,,,,,
GIM,YIO900414,D8000,,,,,,,,,
GIM,YIO900301_KIT_A,D8000,,,,,,,,,
GIM,YIO900301_KIT_B,D8000,,,,,,,,,
GIM,YIO900301_KIT_C,D8000,,,,,,,,,
GIM,YIO900415,D8000,,,,,,,,,
GIM,YIO901044,D8000,,,,,,,,,
GIM,YIO883428,D8000,,,,,,,,,
GIM,YIO883429,D8000,,,,,,,,,
GIM,YIO787135,D8000,,,,,,,,,
GIM,YIO787729,D8000,,,,,,,,,
GIM,YIO901086,D8000,,,,,,,,,
GIM,YIO901087,D8000,,,,,,,,,
GIM,YIO786801,D8000,,,,,,,,,
GIM,YIO901020,D8000,,,,,,,,,
GIM,YIO901019,D8000,,,,,,,,,
GIM,YIO901015_UFC,D8000,,,,,,,,,
GIM,YIO901017,D8000,,,,,,,,,
GIM,YIO901018,D8000,,,,,,,,,
GIM,YIO901115_UFC,D8000,,,,,,,,,
GIM,YIO850314_4,D8000,,,,,,,,,
GIM,YIO901046,D8000,,,,,,,,,
GIM,YIO901051,D8000,,,,,,,,,
GIM,YIO901501_KIT_A,D8000,,,,,,,,,
GIM,YIO780820_2,D8000,,,,,,,,,
GIM,YIO780817_UFC,D8000,,,,,,,,,
GIM,YIO884996,D8000,,,,,,,,,
GIM,YIO780838_2,D8000,,,,,,,,,
GIM,YIO882839,D8000,,,,,,,,,
GIM,YIO901501_KIT_B,D8000,,,,,,,,,
GIM,YIO900423,D8000,,,,,,,,,
GIM,YIO782211,D8000,,,,,,,,,
GIM,YIO782211_TP,D8000,,,,,,,,,
GIM,YIO782212,D8000,,,,,,,,,
GIM,YIO7942000701,D8000,,,,,,,,,
GIM,YIO7942000600,D8000,,,,,,,,,
GIM,YIO7942000601,D8000,,,,,,,,,
GIM,YIO7942000700,D8000,,,,,,,,,
GIM,YIO7942000800,D8000,,,,,,,,,
GIM,YIO7942000801,D8000,,,,,,,,,
GIM,YIO782327,D8000,,,,,,,,,
GIM,YIO782330,D8000,,,,,,,,,
GIM,YIO785699,D8000,,,,,,,,,
GIM,YIO900966,D8000,,,,,,,,,
GIM,YIO900449,D8000,,,,,,,,,
GIM,YIO900967,D8000,,,,,,,,,
GIM,YIO900967_UFC,D8000,,,,,,,,,
GIM,YIO901052,D8000,,,,,,,,,
GIM,YIO901052_UFC,D8000,,,,,,,,,
GIM,YIO782213,D8000,,,,,,,,,
GIM,YIO900926_UFC,D8000,,,,,,,,,
GIM,YIO900930,D8000,,,,,,,,,
GIM,YIO900930_UFC,D8000,,,,,,,,,
GIM,YIO854615,D8000,,,,,,,,,
GIM,YIO854613,D8000,,,,,,,,,
GIM,YIO854614,D8000,,,,,,,,,
GIM,YIO854612,D8000,,,,,,,,,
GIM,YIO854617,D8000,,,,,,,,,
GIM,YIO854618,D8000,,,,,,,,,
GIM,YIO783045,D8000,,,,,,,,,
GIM,YIO886106,D8000,,,,,,,,,
GIM,YIO901054_UFC,D8000,,,,,,,,,
GIM,YIO901053,D8000,,,,,,,,,
GIM,YIO901053_UFC,D8000,,,,,,,,,
GIM,YIO901054,D8000,,,,,,,,,
GIM,YIO901501_KIT_C,D8000,,,,,,,,,
GIM,YIO901501_MASTER,D8000,,,,,,,,,
GIM,YIO901505,D8000,,,,,,,,,
GIM,YIO901509,D8000,,,,,,,,,
