BATCH_ID,LEGACY_SYSTEM,LEGACY_WAREHOUSE,TRANSACTION_TYPE,ORGANIZATION_CODE,ITEM_NUMBER,TRANSACTION_UOM,TRANSACTION_QUANTITY,SUBINVENTORY_CODE,LOCATOR_SEGMENT1,LOCATOR_SEGMENT2,LOCATOR_SEGMENT3,LOCATOR_SEGMENT4,LOCATOR_CUST_NUMBER,LOCATOR_PROJECT_NUMBER,LOCATOR_TASK_NUMBER,LOCATOR_NAME,LOT_NUMBER,FROM_SERIAL_NUMBER,TO_SERIAL_NUMBER,ITEM_COST,EXPIRATION_DATE,ATTRIBUTE_CATEGORY,LOT_ATTRIBUTE_CATEGORY,SERIAL_ATTRIBUTE_CATEGORY,ITEM_REVISION,CUSTOM_CODE,ORGANIZATION_ID,INVENTORY_ITEM_ID,LOCATOR_ID,REC_STATUS,ERROR_DETAILS,CONC_REQUEST_ID,TRANSACTION_INTERFACE_ID,CREATED_BY,CREATION_DATE,LAST_UPDATED_BY,LAST_UPDATE_DATE,LAST_UPDATE_LOGIN
1210231,IBS,PT11,PT_CNV_RCV,C88,YIO700976_6,EA,3,WORC_MAIN,WORC_MAIN,A1,10,10,,,,,,,,2.5,,,,,,,,,,N,,,,,,,,
1210231,IBS,PT11,PT_CNV_RCV,C88,YIO745333,EA,8,WORC_MAIN,WORC_MAIN,A1,10,10,,,,,,,,1.6,,,,,,,,,,N,,,,,,,,
1210231,IBS,PT11,PT_CNV_RCV,C88,YIO760442,EA,3,WORC_MAIN,WORC_MAIN,A1,10,10,,,,,,,,2,,,,,,,,,,N,,,,,,,,
1210231,IBS,PT11,PT_CNV_RCV,C88,YIO761822,EA,4,WORC_MAIN,WORC_MAIN,A1,10,10,,,,,,,,4,,,,,,,,,,N,,,,,,,,
1210231,IBS,PT11,PT_CNV_RCV,C88,YIO768773,EA,4,WORC_MAIN,WORC_MAIN,A1,10,10,,,,,,,,1.15,,,,,,,,,,N,,,,,,,,
1210231,IBS,PT11,PT_CNV_RCV,C88,YIO801214_5,EA,8,WORC_MAIN,WORC_MAIN,A1,10,10,,,,,,,,3.28,,,,,,,,,,N,,,,,,,,
1210231,IBS,PT11,PT_CNV_RCV,C88,YIO801598_2,EA,2,WORC_MAIN,WORC_MAIN,A1,10,10,,,,,,,,3.55,,,,,,,,,,N,,,,,,,,
1210231,IBS,PT11,PT_CNV_RCV,C88,YIO846681,EA,5,WORC_MAIN,WORC_MAIN,A1,10,10,,,,,,,,5.04,,,,,,,,,,N,,,,,,,,
1210231,IBS,PT11,PT_CNV_RCV,C88,YIO846688,EA,1,WORC_MAIN,WORC_MAIN,A1,10,10,,,,,,,,0,,,,,,,,,,N,,,,,,,,
1210231,IBS,PT11,PT_CNV_RCV,C88,YIO884806,EA,4,WORC_MAIN,WORC_MAIN,A1,10,10,,,,,,,,0.85,,,,,,,,,,N,,,,,,,,
1210231,IBS,PT11,PT_CNV_RCV,C88,YIO884806,EA,6,WORC_MAIN,WORC_MAIN,A1,10,10,,,,,,,,0.85,,,,,,,,,,N,,,,,,,,
1210231,IBS,PT11,PT_CNV_RCV,C88,YIOITW05SS,EA,10,WORC_MAIN,WORC_MAIN,A1,10,10,,,,,,,,0.85,,,,,,,,,,N,,,,,,,,
1210231,IBS,PT11,PT_CNV_RCV,C88,YIOITW06SS,EA,20,WORC_MAIN,WORC_MAIN,A1,10,10,,,,,,,,0.9,,,,,,,,,,N,,,,,,,,
1210231,IBS,PT11,PT_CNV_RCV,C88,YIOITW08SS,EA,30,WORC_MAIN,WORC_MAIN,A1,10,10,,,,,,,,1.3,,,,,,,,,,N,,,,,,,,
1210231,IBS,PT11,PT_CNV_RCV,C88,YIOITW10SS,EA,8,WORC_MAIN,WORC_MAIN,A1,10,10,,,,,,,,1.01,,,,,,,,,,N,,,,,,,,
1210231,IBS,PT11,PT_CNV_RCV,C88,YIOITW10SS,EA,2,WORC_MAIN,WORC_MAIN,A1,10,10,,,,,,,,1.01,,,,,,,,,,N,,,,,,,,
1210231,IBS,PT11,PT_CNV_RCV,C88,YIOITW12CS,EA,7,WORC_MAIN,WORC_MAIN,A1,10,10,,,,,,,,1.24,,,,,,,,,,N,,,,,,,,
1210231,IBS,PT11,PT_CNV_RCV,C88,YIOITW12SS,EA,3,WORC_MAIN,WORC_MAIN,A1,10,10,,,,,,,,1.36,,,,,,,,,,N,,,,,,,,
1210231,IBS,PT11,PT_CNV_RCV,C88,YIOITW12SS,EA,9,WORC_MAIN,WORC_MAIN,A1,10,10,,,,,,,,1.36,,,,,,,,,,N,,,,,,,,
1210231,IBS,PT11,PT_CNV_RCV,C88,YIOMEC045CP,EA,9,WORC_MAIN,WORC_MAIN,A1,10,10,,,,,,,,0.65,,,,,,,,,,N,,,,,,,,
1210231,IBS,PT11,PT_CNV_RCV,C88,YIOMEC050CP,EA,8,WORC_MAIN,WORC_MAIN,A1,10,10,,,,,,,,0.24,,,,,,,,,,N,,,,,,,,
1210231,IBS,PT11,PT_CNV_RCV,C88,YIOMEC050CP,EA,5,WORC_MAIN,WORC_MAIN,A1,10,10,,,,,,,,0.24,,,,,,,,,,N,,,,,,,,
1210231,IBS,PT11,PT_CNV_RCV,C88,YIOMEC055CP,EA,1,WORC_MAIN,WORC_MAIN,A1,10,10,,,,,,,,0.65,,,,,,,,,,N,,,,,,,,
1210231,IBS,PT11,PT_CNV_RCV,C88,YIOMEC065CP,EA,3,WORC_MAIN,WORC_MAIN,A1,10,10,,,,,,,,1.2,,,,,,,,,,N,,,,,,,,
1210231,IBS,PT11,PT_CNV_RCV,C88,YIOMEC070CP,EA,2,WORC_MAIN,WORC_MAIN,A1,10,10,,,,,,,,0.95,,,,,,,,,,N,,,,,,,,
1210231,IBS,PT11,PT_CNV_RCV,C88,YIOMEC075CP,EA,5,WORC_MAIN,WORC_MAIN,A1,10,10,,,,,,,,2.9,,,,,,,,,,N,,,,,,,,
1210231,IBS,PT11,PT_CNV_RCV,C88,YIOMEC110CP,EA,1,WORC_MAIN,WORC_MAIN,A1,10,10,,,,,,,,0.92,,,,,,,,,,N,,,,,,,,
1210231,IBS,PT11,PT_CNV_RCV,C88,YIOMIC082CP,EA,3,WORC_MAIN,WORC_MAIN,A1,10,10,,,,,,,,1.2,,,,,,,,,,N,,,,,,,,
1210231,IBS,PT11,PT_CNV_RCV,C88,YIOMIC085CP,EA,9,WORC_MAIN,WORC_MAIN,A1,10,10,,,,,,,,1.2,,,,,,,,,,N,,,,,,,,
1210231,IBS,PT11,PT_CNV_RCV,C88,YIOMIC090CP,EA,4,WORC_MAIN,WORC_MAIN,A1,10,10,,,,,,,,0.85,,,,,,,,,,N,,,,,,,,
1210231,IBS,PT11,PT_CNV_RCV,C88,YIOMIC110CP,EA,4,WORC_MAIN,WORC_MAIN,A1,10,10,,,,,,,,1.3,,,,,,,,,,N,,,,,,,,
1210231,IBS,PT11,PT_CNV_RCV,C88,YIOMIC115CP,EA,7,WORC_MAIN,WORC_MAIN,A1,10,10,,,,,,,,2.22,,,,,,,,,,N,,,,,,,,
1210231,IBS,PT11,PT_CNV_RCV,C88,YIOMIC180CP,EA,1,WORC_MAIN,WORC_MAIN,A1,10,10,,,,,,,,4,,,,,,,,,,N,,,,,,,,
1210231,IBS,PT11,PT_CNV_RCV,C88,YIOMLS0802012S,EA,94,WORC_MAIN,WORC_MAIN,A1,10,10,,,,,,,,0.04,,,,,,,,,,N,,,,,,,,
1210231,IBS,PT11,PT_CNV_RCV,C88,YIOMPW12NAS,EA,24,WORC_MAIN,WORC_MAIN,A1,10,10,,,,,,,,0.03,,,,,,,,,,N,,,,,,,,
1210231,IBS,PT11,PT_CNV_RCV,C88,YIOMPW12NAS,EA,30,WORC_MAIN,WORC_MAIN,A1,10,10,,,,,,,,0.03,,,,,,,,,,N,,,,,,,,
1210231,IBS,PT11,PT_CNV_RCV,C88,YIOMSC0401612S,EA,20,WORC_MAIN,WORC_MAIN,A1,10,10,,,,,,,,0.02,,,,,,,,,,N,,,,,,,,
1210231,IBS,PT11,PT_CNV_RCV,C88,YIOMSC0401612S,EA,3,WORC_MAIN,WORC_MAIN,A1,10,10,,,,,,,,0.02,,,,,,,,,,N,,,,,,,,
1210231,IBS,PT11,PT_CNV_RCV,C88,YIOMTW06CS,EA,6,WORC_MAIN,WORC_MAIN,A1,10,10,,,,,,,,1.2,,,,,,,,,,N,,,,,,,,
1210231,IBS,PT11,PT_CNV_RCV,C88,YIOMTW06CS,EA,30,WORC_MAIN,WORC_MAIN,A1,10,10,,,,,,,,1.2,,,,,,,,,,N,,,,,,,,
1210231,IBS,PT11,PT_CNV_RCV,C88,YIOMTW08CS,EA,4,WORC_MAIN,WORC_MAIN,A1,10,10,,,,,,,,1.66,,,,,,,,,,N,,,,,,,,
1210231,IBS,PT11,PT_CNV_RCV,C88,YIOMTW08CS,EA,10,WORC_MAIN,WORC_MAIN,A1,10,10,,,,,,,,1.66,,,,,,,,,,N,,,,,,,,
1210231,IBS,PT11,PT_CNV_RCV,C88,YIOMTW10CS,EA,12,WORC_MAIN,WORC_MAIN,A1,10,10,,,,,,,,1,,,,,,,,,,N,,,,,,,,
1210231,IBS,PT11,PT_CNV_RCV,C88,YIOMTW10CS,EA,12,WORC_MAIN,WORC_MAIN,A1,10,10,,,,,,,,1,,,,,,,,,,N,,,,,,,,
1210231,IBS,PT11,PT_CNV_RCV,C88,YIOMTW10CS,EA,60,WORC_MAIN,WORC_MAIN,A1,10,10,,,,,,,,1,,,,,,,,,,N,,,,,,,,
1210231,IBS,PT11,PT_CNV_RCV,C88,YIOMTW12CS,EA,3,WORC_MAIN,WORC_MAIN,A1,10,10,,,,,,,,1.2,,,,,,,,,,N,,,,,,,,
1210231,IBS,PT11,PT_CNV_RCV,C88,YIOMTW16CS,EA,12,WORC_MAIN,WORC_MAIN,A1,10,10,,,,,,,,0.75,,,,,,,,,,N,,,,,,,,
1210231,IBS,PT11,PT_CNV_RCV,C88,YIOMTW20CS,EA,45,WORC_MAIN,WORC_MAIN,A1,10,10,,,,,,,,1.35,,,,,,,,,,N,,,,,,,,
1210231,IBS,PT11,PT_CNV_RCV,C88,YIOMTW20CS,EA,9,WORC_MAIN,WORC_MAIN,A1,10,10,,,,,,,,1.35,,,,,,,,,,N,,,,,,,,
1210231,IBS,PT11,PT_CNV_RCV,C88,YIOP1016,EA,5,WORC_MAIN,WORC_MAIN,A1,10,10,,,,,,,,630,,,,,,,,,,N,,,,,,,,
1210231,IBS,PT11,PT_CNV_RCV,C88,YIOP1040,EA,1,WORC_MAIN,WORC_MAIN,A1,10,10,,,,,,,,259.59,,,,,,,,,,N,,,,,,,,
1210231,IBS,PT11,PT_CNV_RCV,C88,YIOP11012,EA,4,WORC_MAIN,WORC_MAIN,A1,10,10,,,,,,,,1,,,,,,,,,,N,,,,,,,,
1210231,IBS,PT11,PT_CNV_RCV,C88,YIOP13914,EA,1,WORC_MAIN,WORC_MAIN,A1,10,10,,,,,,,,0,,,,,,,,,,N,,,,,,,,
1210231,IBS,PT11,PT_CNV_RCV,C88,YIOP1508,EA,1,WORC_MAIN,WORC_MAIN,A1,10,10,,,,,,,,2.57,,,,,,,,,,N,,,,,,,,
1210231,IBS,PT11,PT_CNV_RCV,C88,YIOP1580,EA,37,WORC_MAIN,WORC_MAIN,A1,10,10,,,,,,,,0.04,,,,,,,,,,N,,,,,,,,
1210231,IBS,PT11,PT_CNV_RCV,C88,YIOP1991,EA,3,WORC_MAIN,WORC_MAIN,A1,10,10,,,,,,,,0.5,,,,,,,,,,N,,,,,,,,
1210231,IBS,PT11,PT_CNV_RCV,C88,YIOP2514,EA,14,WORC_MAIN,WORC_MAIN,A1,10,10,,,,,,,,6.5,,,,,,,,,,N,,,,,,,,
1210231,IBS,PT11,PT_CNV_RCV,C88,YIOP2516,EA,3,WORC_MAIN,WORC_MAIN,A1,10,10,,,,,,,,3,,,,,,,,,,N,,,,,,,,
1210231,IBS,PT11,PT_CNV_RCV,C88,YIOP3120,EA,8,WORC_MAIN,WORC_MAIN,A1,10,10,,,,,,,,0.75,,,,,,,,,,N,,,,,,,,
1210231,IBS,PT11,PT_CNV_RCV,C88,YIOP4525,EA,3,WORC_MAIN,WORC_MAIN,A1,10,10,,,,,,,,12.95,,,,,,,,,,N,,,,,,,,
1210231,IBS,PT11,PT_CNV_RCV,C88,YIOP4533,EA,1,WORC_MAIN,WORC_MAIN,A1,10,10,,,,,,,,9.92,,,,,,,,,,N,,,,,,,,
1210231,IBS,PT11,PT_CNV_RCV,C88,YIOP5006,EA,4,WORC_MAIN,WORC_MAIN,A1,10,10,,,,,,,,1.41,,,,,,,,,,N,,,,,,,,
1210231,IBS,PT11,PT_CNV_RCV,C88,YIOP5007,EA,4,WORC_MAIN,WORC_MAIN,A1,10,10,,,,,,,,0.24,,,,,,,,,,N,,,,,,,,
1210231,IBS,PT11,PT_CNV_RCV,C88,YIOP5900,EA,1,WORC_MAIN,WORC_MAIN,A1,10,10,,,,,,,,472.35,,,,,,,,,,N,,,,,,,,
1210231,IBS,PT11,PT_CNV_RCV,C88,YIOS26695,EA,57,WORC_MAIN,WORC_MAIN,A1,10,10,,,,,,,,0.18,,,,,,,,,,N,,,,,,,,
1210231,IBS,PT11,PT_CNV_RCV,C88,YIOS26796,EA,13,WORC_MAIN,WORC_MAIN,A1,10,10,,,,,,,,0.07,,,,,,,,,,N,,,,,,,,
1210231,IBS,PT11,PT_CNV_RCV,C88,YIOS31325,EA,16,WORC_MAIN,WORC_MAIN,A1,10,10,,,,,,,,0.04,,,,,,,,,,N,,,,,,,,
1210231,IBS,PT11,PT_CNV_RCV,C88,YIOS31738,EA,5,WORC_MAIN,WORC_MAIN,A1,10,10,,,,,,,,6.57,,,,,,,,,,N,,,,,,,,
1210231,IBS,PT11,PT_CNV_RCV,C88,YIOS31741,EA,3,WORC_MAIN,WORC_MAIN,A1,10,10,,,,,,,,7.5,,,,,,,,,,N,,,,,,,,
1210231,IBS,PT11,PT_CNV_RCV,C88,YIOS31743,EA,2,WORC_MAIN,WORC_MAIN,A1,10,10,,,,,,,,5.1,,,,,,,,,,N,,,,,,,,
1210231,IBS,PT11,PT_CNV_RCV,C88,YIOS31750,EA,6,WORC_MAIN,WORC_MAIN,A1,10,10,,,,,,,,2.58,,,,,,,,,,N,,,,,,,,
1210231,IBS,PT11,PT_CNV_RCV,C88,YIOS40236,EA,1,WORC_MAIN,WORC_MAIN,A1,10,10,,,,,,,,11.5,,,,,,,,,,N,,,,,,,,
1210231,IBS,PT11,PT_CNV_RCV,C88,YIOS42265,EA,1,WORC_MAIN,WORC_MAIN,A1,10,10,,,,,,,,0.32,,,,,,,,,,N,,,,,,,,
1210231,IBS,PT11,PT_CNV_RCV,C88,YIOS42277,EA,3,WORC_MAIN,WORC_MAIN,A1,10,10,,,,,,,,1.95,,,,,,,,,,N,,,,,,,,
1210231,IBS,PT11,PT_CNV_RCV,C88,YIOS42282,EA,3,WORC_MAIN,WORC_MAIN,A1,10,10,,,,,,,,0.9,,,,,,,,,,N,,,,,,,,
1210231,IBS,PT11,PT_CNV_RCV,C88,YIOS42283,EA,2,WORC_MAIN,WORC_MAIN,A1,10,10,,,,,,,,0.54,,,,,,,,,,N,,,,,,,,
1210231,IBS,PT11,PT_CNV_RCV,C88,YIOS42284,EA,9,WORC_MAIN,WORC_MAIN,A1,10,10,,,,,,,,2.1,,,,,,,,,,N,,,,,,,,
1210231,IBS,PT11,PT_CNV_RCV,C88,YIOS42287,EA,3,WORC_MAIN,WORC_MAIN,A1,10,10,,,,,,,,1.1,,,,,,,,,,N,,,,,,,,
1210231,IBS,PT11,PT_CNV_RCV,C88,YIOS42288,EA,6,WORC_MAIN,WORC_MAIN,A1,10,10,,,,,,,,4.05,,,,,,,,,,N,,,,,,,,
1210231,IBS,PT11,PT_CNV_RCV,C88,YIOS42289,EA,8,WORC_MAIN,WORC_MAIN,A1,10,10,,,,,,,,3,,,,,,,,,,N,,,,,,,,
1210231,IBS,PT11,PT_CNV_RCV,C88,YIOS42289,EA,5,WORC_MAIN,WORC_MAIN,A1,10,10,,,,,,,,3,,,,,,,,,,N,,,,,,,,
1210231,IBS,PT11,PT_CNV_RCV,C88,YIOS42290,EA,7,WORC_MAIN,WORC_MAIN,A1,10,10,,,,,,,,1.15,,,,,,,,,,N,,,,,,,,
1210231,IBS,PT11,PT_CNV_RCV,C88,YIOS42291,EA,1,WORC_MAIN,WORC_MAIN,A1,10,10,,,,,,,,0.75,,,,,,,,,,N,,,,,,,,
1210231,IBS,PT11,PT_CNV_RCV,C88,YIOS42291,EA,5,WORC_MAIN,WORC_MAIN,A1,10,10,,,,,,,,0.75,,,,,,,,,,N,,,,,,,,
1210231,IBS,PT11,PT_CNV_RCV,C88,YIOS42294,EA,1,WORC_MAIN,WORC_MAIN,A1,10,10,,,,,,,,0.75,,,,,,,,,,N,,,,,,,,
1210231,IBS,PT11,PT_CNV_RCV,C88,YIOS42294,EA,5,WORC_MAIN,WORC_MAIN,A1,10,10,,,,,,,,0.75,,,,,,,,,,N,,,,,,,,
1210231,IBS,PT11,PT_CNV_RCV,C88,YIOS42303,EA,5,WORC_MAIN,WORC_MAIN,A1,10,10,,,,,,,,1.25,,,,,,,,,,N,,,,,,,,
1210231,IBS,PT11,PT_CNV_RCV,C88,YIOS42310,EA,1,WORC_MAIN,WORC_MAIN,A1,10,10,,,,,,,,91.43,,,,,,,,,,N,,,,,,,,
1210231,IBS,PT11,PT_CNV_RCV,C88,YIOS42317,EA,5,WORC_MAIN,WORC_MAIN,A1,10,10,,,,,,,,2.25,,,,,,,,,,N,,,,,,,,
1210231,IBS,PT11,PT_CNV_RCV,C88,YIOS42330,MT,8,WORC_MAIN,WORC_MAIN,A1,10,10,,,,,,,,1.1,,,,,,,,,,N,,,,,,,,
1210231,IBS,PT11,PT_CNV_RCV,C88,YIOS42332,MT,7,WORC_MAIN,WORC_MAIN,A1,10,10,,,,,,,,2.25,,,,,,,,,,N,,,,,,,,
1210231,IBS,PT11,PT_CNV_RCV,C88,YIOS42332,MT,1.75,WORC_MAIN,WORC_MAIN,A1,10,10,,,,,,,,2.25,,,,,,,,,,N,,,,,,,,
1210231,IBS,PT11,PT_CNV_RCV,C88,YIOS42332,MT,40,WORC_MAIN,WORC_MAIN,A1,10,10,,,,,,,,2.25,,,,,,,,,,N,,,,,,,,
1210231,IBS,PT11,PT_CNV_RCV,C88,YIOS43067,EA,9,WORC_MAIN,WORC_MAIN,A1,10,10,,,,,,,,32.94,,,,,,,,,,N,,,,,,,,
1210231,IBS,PT11,PT_CNV_RCV,C88,YIOS43070,EA,1,WORC_MAIN,WORC_MAIN,A1,10,10,,,,,,,,5.12,,,,,,,,,,N,,,,,,,,
1210231,IBS,PT11,PT_CNV_RCV,C88,YIOS43071,EA,2,WORC_MAIN,WORC_MAIN,A1,10,10,,,,,,,,10.76,,,,,,,,,,N,,,,,,,,
1210231,IBS,PT11,PT_CNV_RCV,C88,YIOS43080,EA,1,WORC_MAIN,WORC_MAIN,A1,10,10,,,,,,,,13.59,,,,,,,,,,N,,,,,,,,
1210231,IBS,PT11,PT_CNV_RCV,C88,YIOS43080,EA,3,WORC_MAIN,WORC_MAIN,A1,10,10,,,,,,,,13.59,,,,,,,,,,N,,,,,,,,
1210231,IBS,PT11,PT_CNV_RCV,C88,YIOS43084,EA,12,WORC_MAIN,WORC_MAIN,A1,10,10,,,,,,,,19.27,,,,,,,,,,N,,,,,,,,
1210231,IBS,PT11,PT_CNV_RCV,C88,YIOS43085,EA,1,WORC_MAIN,WORC_MAIN,A1,10,10,,,,,,,,9.92,,,,,,,,,,N,,,,,,,,
1210231,IBS,PT11,PT_CNV_RCV,C88,YIOS44940,EA,3,WORC_MAIN,WORC_MAIN,A1,10,10,,,,,,,,3.55,,,,,,,,,,N,,,,,,,,
