﻿ORGANIZATION_CODE,ORGANIZATION_ID,WIP_ENTITY_NAME,COMP_ITEM,WIP_ENTITY_ID,OPERATION_SEQ_NUM,DEPARTMENT_ID,INVENTORY_ITEM_ID,USAGE_RATE,TRANSACTION_TYPE,SUB_INVNEOTRY,LOCATOR_ID,LOCATOR,WIP_PROJECT,COST_PROJECT,COST,PROJECT_ID,TASK_ID,EXPENDITURE_TYPE
C86,121811,LGC000001698529,MTL_CONV_1698529,,15,,,1,WIP component issue,WH1,6820398,,,,,,,NP Direct Labour - COGS
C86,121811,LGC000001698694,MTL_CONV_1698694,,15,,,1,WIP component issue,WH1,6820398,,,,,,,NP Direct Labour - COGS
C86,121811,LGC000001698999,MTL_CONV_1698999,,10,,,1,WIP component issue,WH1,6820398,,,,,,,NP Direct Labour - COGS
C86,121811,LGC000001699000,MTL_CONV_1699000,,10,,,1,WIP component issue,WH1,6820398,,,,,,,NP Direct Labour - COGS
C86,121811,LGC000001699003,MTL_CONV_1699003,,10,,,1,WIP component issue,WH1,6820398,,,,,,,NP Direct Labour - COGS
C86,121811,LGC000001699067,MTL_CONV_1699067,,15,,,1,WIP component issue,WH1,6820398,,,,,,,NP Direct Labour - COGS
C86,121811,LGC000001699167,MTL_CONV_1699167,,15,,,1,WIP component issue,WH1,6820398,,,,,,,NP Direct Labour - COGS
C86,121811,LGC000001699190,MTL_CONV_1699190,,15,,,1,WIP component issue,WH1,6820398,,,,,,,NP Direct Labour - COGS
C86,121811,LGC000001699721,MTL_CONV_1699721,,20,,,1,WIP component issue,WH1,6820398,,,,,,,NP Direct Labour - COGS
C86,121811,LGC000001699723,MTL_CONV_1699723,,20,,,1,WIP component issue,WH1,6820398,,,,,,,NP Direct Labour - COGS
C86,121811,LGC000001699724,MTL_CONV_1699724,,20,,,1,WIP component issue,WH1,6820398,,,,,,,NP Direct Labour - COGS
C86,121811,LGC000001699932,MTL_CONV_1699932,,20,,,1,WIP component issue,WH1,6820398,,,,,,,NP Direct Labour - COGS
C86,121811,LGC000001699938,MTL_CONV_1699938,,15,,,1,WIP component issue,WH1,6820398,,,,,,,NP Direct Labour - COGS
C86,121811,LGC000001699954,MTL_CONV_1699954,,15,,,1,WIP component issue,WH1,6820398,,,,,,,NP Direct Labour - COGS
C86,121811,LGC000001699955,MTL_CONV_1699955,,15,,,1,WIP component issue,WH1,6820398,,,,,,,NP Direct Labour - COGS
C86,121811,LGC000001699965,MTL_CONV_1699965,,15,,,1,WIP component issue,WH1,6820398,,,,,,,NP Direct Labour - COGS
C86,121811,LGC000001700002,MTL_CONV_1700002,,15,,,1,WIP component issue,WH1,6820398,,,,,,,NP Direct Labour - COGS
C86,121811,LGC000001700037,MTL_CONV_1700037,,15,,,1,WIP component issue,WH1,6820398,,,,,,,NP Direct Labour - COGS
C86,121811,LGC000001700038,MTL_CONV_1700038,,15,,,1,WIP component issue,WH1,6820398,,,,,,,NP Direct Labour - COGS
C86,121811,LGC000001700060,MTL_CONV_1700060,,10,,,1,WIP component issue,WH1,6820398,,,,,,,NP Direct Labour - COGS
C86,121811,LGC000001700062,MTL_CONV_1700062,,15,,,1,WIP component issue,WH1,6820398,,,,,,,NP Direct Labour - COGS
C86,121811,LGC000001700070,MTL_CONV_1700070,,10,,,1,WIP component issue,WH1,6820398,,,,,,,NP Direct Labour - COGS
C86,121811,LGC000001700071,MTL_CONV_1700071,,10,,,1,WIP component issue,WH1,6820398,,,,,,,NP Direct Labour - COGS
C86,121811,LGC000001700076,MTL_CONV_1700076,,15,,,1,WIP component issue,WH1,6820398,,,,,,,NP Direct Labour - COGS
C86,121811,LGC000001700130,MTL_CONV_1700130,,40,,,1,WIP component issue,WH1,6820398,,,,,,,NP Direct Labour - COGS
C86,121811,LGC000001700131,MTL_CONV_1700131,,15,,,1,WIP component issue,WH1,6820398,,,,,,,NP Direct Labour - COGS
C86,121811,LGC000001700176,MTL_CONV_1700176,,20,,,1,WIP component issue,WH1,6820398,,,,,,,NP Direct Labour - COGS
C86,121811,LGC000001700185,MTL_CONV_1700185,,15,,,1,WIP component issue,WH1,6820398,,,,,,,NP Direct Labour - COGS
C86,121811,LGC000001700186,MTL_CONV_1700186,,15,,,1,WIP component issue,WH1,6820398,,,,,,,NP Direct Labour - COGS
C86,121811,LGC000001700229,MTL_CONV_1700229,,15,,,1,WIP component issue,WH1,6820398,,,,,,,NP Direct Labour - COGS
C86,121811,LGC000001700278,MTL_CONV_1700278,,20,,,1,WIP component issue,WH1,6820398,,,,,,,NP Direct Labour - COGS
C86,121811,LGC000001700279,MTL_CONV_1700279,,15,,,1,WIP component issue,WH1,6820398,,,,,,,NP Direct Labour - COGS
C86,121811,LGC000001700282,MTL_CONV_1700282,,15,,,1,WIP component issue,WH1,6820398,,,,,,,NP Direct Labour - COGS
C86,121811,LGC000001700283,MTL_CONV_1700283,,15,,,1,WIP component issue,WH1,6820398,,,,,,,NP Direct Labour - COGS
C86,121811,LGC000001700304,MTL_CONV_1700304,,15,,,1,WIP component issue,WH1,6820398,,,,,,,NP Direct Labour - COGS
C86,121811,LGC000001700312,MTL_CONV_1700312,,20,,,1,WIP component issue,WH1,6820398,,,,,,,NP Direct Labour - COGS
C86,121811,LGC000001700313,MTL_CONV_1700313,,15,,,1,WIP component issue,WH1,6820398,,,,,,,NP Direct Labour - COGS
C86,121811,LGC000001700314,MTL_CONV_1700314,,15,,,1,WIP component issue,WH1,6820398,,,,,,,NP Direct Labour - COGS
C86,121811,LGC000001700315,MTL_CONV_1700315,,15,,,1,WIP component issue,WH1,6820398,,,,,,,NP Direct Labour - COGS
C86,121811,LGC000001700317,MTL_CONV_1700317,,15,,,1,WIP component issue,WH1,6820398,,,,,,,NP Direct Labour - COGS
C86,121811,LGC000001700318,MTL_CONV_1700318,,15,,,1,WIP component issue,WH1,6820398,,,,,,,NP Direct Labour - COGS
C86,121811,LGC000001700319,MTL_CONV_1700319,,15,,,1,WIP component issue,WH1,6820398,,,,,,,NP Direct Labour - COGS
C86,121811,LGC000001700320,MTL_CONV_1700320,,15,,,1,WIP component issue,WH1,6820398,,,,,,,NP Direct Labour - COGS
C86,121811,LGC000001700321,MTL_CONV_1700321,,15,,,1,WIP component issue,WH1,6820398,,,,,,,NP Direct Labour - COGS
C86,121811,LGC000001700331,MTL_CONV_1700331,,15,,,1,WIP component issue,WH1,6820398,,,,,,,NP Direct Labour - COGS
C86,121811,LGC000001700334,MTL_CONV_1700334,,15,,,1,WIP component issue,WH1,6820398,,,,,,,NP Direct Labour - COGS
C86,121811,LGC000001700337,MTL_CONV_1700337,,15,,,1,WIP component issue,WH1,6820398,,,,,,,NP Direct Labour - COGS
C86,121811,LGC000001700339,MTL_CONV_1700339,,20,,,1,WIP component issue,WH1,6820398,,,,,,,NP Direct Labour - COGS
C86,121811,LGC000001700412,MTL_CONV_1700412,,20,,,1,WIP component issue,WH1,6820398,,,,,,,NP Direct Labour - COGS
C86,121811,LGC000001700413,MTL_CONV_1700413,,15,,,1,WIP component issue,WH1,6820398,,,,,,,NP Direct Labour - COGS
C86,121811,LGC000001700423,MTL_CONV_1700423,,20,,,1,WIP component issue,WH1,6820398,,,,,,,NP Direct Labour - COGS
C86,121811,LGC000001700437,MTL_CONV_1700437,,15,,,1,WIP component issue,WH1,6820398,,,,,,,NP Direct Labour - COGS
C86,121811,LGC000001700454,MTL_CONV_1700454,,20,,,1,WIP component issue,WH1,6820398,,,,,,,NP Direct Labour - COGS
C86,121811,LGC000001700455,MTL_CONV_1700455,,20,,,1,WIP component issue,WH1,6820398,,,,,,,NP Direct Labour - COGS
C86,121811,LGC000001700456,MTL_CONV_1700456,,20,,,1,WIP component issue,WH1,6820398,,,,,,,NP Direct Labour - COGS
C86,121811,LGC000001700457,MTL_CONV_1700457,,15,,,1,WIP component issue,WH1,6820398,,,,,,,NP Direct Labour - COGS
C86,121811,LGC000001700458,MTL_CONV_1700458,,15,,,1,WIP component issue,WH1,6820398,,,,,,,NP Direct Labour - COGS
C86,121811,LGC000001700459,MTL_CONV_1700459,,15,,,1,WIP component issue,WH1,6820398,,,,,,,NP Direct Labour - COGS
C86,121811,LGC000001700460,MTL_CONV_1700460,,15,,,1,WIP component issue,WH1,6820398,,,,,,,NP Direct Labour - COGS
C86,121811,LGC000001700463,MTL_CONV_1700463,,15,,,1,WIP component issue,WH1,6820398,,,,,,,NP Direct Labour - COGS
C86,121811,LGC000001700467,MTL_CONV_1700467,,15,,,1,WIP component issue,WH1,6820398,,,,,,,NP Direct Labour - COGS
C86,121811,LGC000001700471,MTL_CONV_1700471,,15,,,1,WIP component issue,WH1,6820398,,,,,,,NP Direct Labour - COGS
C86,121811,LGC000001700480,MTL_CONV_1700480,,15,,,1,WIP component issue,WH1,6820398,,,,,,,NP Direct Labour - COGS
C86,121811,LGC000001700481,MTL_CONV_1700481,,15,,,1,WIP component issue,WH1,6820398,,,,,,,NP Direct Labour - COGS
C86,121811,LGC000001700482,MTL_CONV_1700482,,15,,,1,WIP component issue,WH1,6820398,,,,,,,NP Direct Labour - COGS
C86,121811,LGC000001700483,MTL_CONV_1700483,,15,,,1,WIP component issue,WH1,6820398,,,,,,,NP Direct Labour - COGS
C86,121811,LGC000001700489,MTL_CONV_1700489,,15,,,1,WIP component issue,WH1,6820398,,,,,,,NP Direct Labour - COGS
C86,121811,LGC000001700491,MTL_CONV_1700491,,15,,,1,WIP component issue,WH1,6820398,,,,,,,NP Direct Labour - COGS
C86,121811,LGC000001700494,MTL_CONV_1700494,,15,,,1,WIP component issue,WH1,6820398,,,,,,,NP Direct Labour - COGS
C86,121811,LGC000001700499,MTL_CONV_1700499,,20,,,1,WIP component issue,WH1,6820398,,,,,,,NP Direct Labour - COGS
C86,121811,LGC000001700510,MTL_CONV_1700510,,10,,,1,WIP component issue,WH1,6820398,,,,,,,NP Direct Labour - COGS
C86,121811,LGC000001700512,MTL_CONV_1700512,,15,,,1,WIP component issue,WH1,6820398,,,,,,,NP Direct Labour - COGS
C86,121811,LGC000001700517,MTL_CONV_1700517,,15,,,1,WIP component issue,WH1,6820398,,,,,,,NP Direct Labour - COGS
C86,121811,LGC000001700521,MTL_CONV_1700521,,10,,,1,WIP component issue,WH1,6820398,,,,,,,NP Direct Labour - COGS
C86,121811,LGC000001700522,MTL_CONV_1700522,,10,,,1,WIP component issue,WH1,6820398,,,,,,,NP Direct Labour - COGS
C86,121811,LGC000001700524,MTL_CONV_1700524,,15,,,1,WIP component issue,WH1,6820398,,,,,,,NP Direct Labour - COGS
C86,121811,LGC000001700525,MTL_CONV_1700525,,15,,,1,WIP component issue,WH1,6820398,,,,,,,NP Direct Labour - COGS
C86,121811,LGC000001700531,MTL_CONV_1700531,,15,,,1,WIP component issue,WH1,6820398,,,,,,,NP Direct Labour - COGS
C86,121811,LGC000001700538,MTL_CONV_1700538,,15,,,1,WIP component issue,WH1,6820398,,,,,,,NP Direct Labour - COGS
C86,121811,LGC000001700540,MTL_CONV_1700540,,15,,,1,WIP component issue,WH1,6820398,,,,,,,NP Direct Labour - COGS
C86,121811,LGC000001700542,MTL_CONV_1700542,,15,,,1,WIP component issue,WH1,6820398,,,,,,,NP Direct Labour - COGS
C86,121811,LGC000001700544,MTL_CONV_1700544,,15,,,1,WIP component issue,WH1,6820398,,,,,,,NP Direct Labour - COGS
C86,121811,LGC000001700546,MTL_CONV_1700546,,15,,,1,WIP component issue,WH1,6820398,,,,,,,NP Direct Labour - COGS
C86,121811,LGC000001700548,MTL_CONV_1700548,,15,,,1,WIP component issue,WH1,6820398,,,,,,,NP Direct Labour - COGS
C86,121811,LGC000001700553,MTL_CONV_1700553,,15,,,1,WIP component issue,WH1,6820398,,,,,,,NP Direct Labour - COGS
C86,121811,LGC000001700554,MTL_CONV_1700554,,15,,,1,WIP component issue,WH1,6820398,,,,,,,NP Direct Labour - COGS
C86,121811,LGC000001700555,MTL_CONV_1700555,,15,,,1,WIP component issue,WH1,6820398,,,,,,,NP Direct Labour - COGS
C86,121811,LGC000001700557,MTL_CONV_1700557,,15,,,1,WIP component issue,WH1,6820398,,,,,,,NP Direct Labour - COGS
C86,121811,LGC000001700560,MTL_CONV_1700560,,15,,,1,WIP component issue,WH1,6820398,,,,,,,NP Direct Labour - COGS
C86,121811,LGC000001700562,MTL_CONV_1700562,,15,,,1,WIP component issue,WH1,6820398,,,,,,,NP Direct Labour - COGS
C86,121811,LGC000001700563,MTL_CONV_1700563,,15,,,1,WIP component issue,WH1,6820398,,,,,,,NP Direct Labour - COGS
C86,121811,LGC000001700564,MTL_CONV_1700564,,15,,,1,WIP component issue,WH1,6820398,,,,,,,NP Direct Labour - COGS
C86,121811,LGC000001700569,MTL_CONV_1700569,,15,,,1,WIP component issue,WH1,6820398,,,,,,,NP Direct Labour - COGS
C86,121811,LGC000001700570,MTL_CONV_1700570,,15,,,1,WIP component issue,WH1,6820398,,,,,,,NP Direct Labour - COGS
C86,121811,LGC000001700577,MTL_CONV_1700577,,15,,,1,WIP component issue,WH1,6820398,,,,,,,NP Direct Labour - COGS
C86,121811,LGC000001700578,MTL_CONV_1700578,,15,,,1,WIP component issue,WH1,6820398,,,,,,,NP Direct Labour - COGS
C86,121811,LGC000001700579,MTL_CONV_1700579,,15,,,1,WIP component issue,WH1,6820398,,,,,,,NP Direct Labour - COGS
C86,121811,LGC000001700580,MTL_CONV_1700580,,15,,,1,WIP component issue,WH1,6820398,,,,,,,NP Direct Labour - COGS
C86,121811,LGC000001700581,MTL_CONV_1700581,,20,,,1,WIP component issue,WH1,6820398,,,,,,,NP Direct Labour - COGS
C86,121811,LGC000001700582,MTL_CONV_1700582,,20,,,1,WIP component issue,WH1,6820398,,,,,,,NP Direct Labour - COGS
C86,121811,LGC000001700671,MTL_CONV_1700671,,15,,,1,WIP component issue,WH1,6820398,,,,,,,NP Direct Labour - COGS
C86,121811,LGC000001700759,MTL_CONV_1700759,,15,,,1,WIP component issue,WH1,6820398,,,,,,,NP Direct Labour - COGS
C86,121811,LGC000001700761,MTL_CONV_1700761,,10,,,1,WIP component issue,WH1,6820398,,,,,,,NP Direct Labour - COGS
C86,121811,LGC000001700762,MTL_CONV_1700762,,15,,,1,WIP component issue,WH1,6820398,,,,,,,NP Direct Labour - COGS
C86,121811,LGC000001700767,MTL_CONV_1700767,,15,,,1,WIP component issue,WH1,6820398,,,,,,,NP Direct Labour - COGS
C86,121811,LGC000001700775,MTL_CONV_1700775,,10,,,1,WIP component issue,WH1,6820398,,,,,,,NP Direct Labour - COGS
C86,121811,LGC000001700780,MTL_CONV_1700780,,10,,,1,WIP component issue,WH1,6820398,,,,,,,NP Direct Labour - COGS
C86,121811,LGC000001700781,MTL_CONV_1700781,,15,,,1,WIP component issue,WH1,6820398,,,,,,,NP Direct Labour - COGS
C86,121811,LGC000001700782,MTL_CONV_1700782,,15,,,1,WIP component issue,WH1,6820398,,,,,,,NP Direct Labour - COGS
C86,121811,LGC000001700803,MTL_CONV_1700803,,15,,,1,WIP component issue,WH1,6820398,,,,,,,NP Direct Labour - COGS
C86,121811,LGC000001700813,MTL_CONV_1700813,,15,,,1,WIP component issue,WH1,6820398,,,,,,,NP Direct Labour - COGS
C86,121811,LGC000001700834,MTL_CONV_1700834,,10,,,1,WIP component issue,WH1,6820398,,,,,,,NP Direct Labour - COGS
C86,121811,LGC000001700835,MTL_CONV_1700835,,10,,,1,WIP component issue,WH1,6820398,,,,,,,NP Direct Labour - COGS
C86,121811,LGC000001700836,MTL_CONV_1700836,,10,,,1,WIP component issue,WH1,6820398,,,,,,,NP Direct Labour - COGS
C86,121811,LGC000001700837,MTL_CONV_1700837,,10,,,1,WIP component issue,WH1,6820398,,,,,,,NP Direct Labour - COGS
C86,121811,LGC000001700842,MTL_CONV_1700842,,15,,,1,WIP component issue,WH1,6820398,,,,,,,NP Direct Labour - COGS
C86,121811,LGC000001700851,MTL_CONV_1700851,,15,,,1,WIP component issue,WH1,6820398,,,,,,,NP Direct Labour - COGS
C86,121811,LGC000001700870,MTL_CONV_1700870,,20,,,1,WIP component issue,WH1,6820398,,,,,,,NP Direct Labour - COGS
C86,121811,LGC000001700875,MTL_CONV_1700875,,15,,,1,WIP component issue,WH1,6820398,,,,,,,NP Direct Labour - COGS
C86,121811,LGC000001700877,MTL_CONV_1700877,,15,,,1,WIP component issue,WH1,6820398,,,,,,,NP Direct Labour - COGS
C86,121811,LGC000001700878,MTL_CONV_1700878,,15,,,1,WIP component issue,WH1,6820398,,,,,,,NP Direct Labour - COGS
C86,121811,LGC000001700891,MTL_CONV_1700891,,20,,,1,WIP component issue,WH1,6820398,,,,,,,NP Direct Labour - COGS
C86,121811,LGC000001700892,MTL_CONV_1700892,,15,,,1,WIP component issue,WH1,6820398,,,,,,,NP Direct Labour - COGS
C86,121811,LGC000001700893,MTL_CONV_1700893,,15,,,1,WIP component issue,WH1,6820398,,,,,,,NP Direct Labour - COGS
C86,121811,LGC000001700894,MTL_CONV_1700894,,15,,,1,WIP component issue,WH1,6820398,,,,,,,NP Direct Labour - COGS
C86,121811,LGC000001700896,MTL_CONV_1700896,,20,,,1,WIP component issue,WH1,6820398,,,,,,,NP Direct Labour - COGS
C86,121811,LGC000001700897,MTL_CONV_1700897,,15,,,1,WIP component issue,WH1,6820398,,,,,,,NP Direct Labour - COGS
C86,121811,LGC000001700900,MTL_CONV_1700900,,10,,,1,WIP component issue,WH1,6820398,,,,,,,NP Direct Labour - COGS
C86,121811,LGC000001700907,MTL_CONV_1700907,,20,,,1,WIP component issue,WH1,6820398,,,,,,,NP Direct Labour - COGS
C86,121811,LGC000001700908,MTL_CONV_1700908,,20,,,1,WIP component issue,WH1,6820398,,,,,,,NP Direct Labour - COGS
C86,121811,LGC000001700909,MTL_CONV_1700909,,15,,,1,WIP component issue,WH1,6820398,,,,,,,NP Direct Labour - COGS
C86,121811,LGC000001700915,MTL_CONV_1700915,,15,,,1,WIP component issue,WH1,6820398,,,,,,,NP Direct Labour - COGS
C86,121811,LGC000001700923,MTL_CONV_1700923,,15,,,1,WIP component issue,WH1,6820398,,,,,,,NP Direct Labour - COGS
C86,121811,LGC000001700932,MTL_CONV_1700932,,15,,,1,WIP component issue,WH1,6820398,,,,,,,NP Direct Labour - COGS
C86,121811,LGC000001700933,MTL_CONV_1700933,,15,,,1,WIP component issue,WH1,6820398,,,,,,,NP Direct Labour - COGS
C86,121811,LGC000001700934,MTL_CONV_1700934,,15,,,1,WIP component issue,WH1,6820398,,,,,,,NP Direct Labour - COGS
C86,121811,LGC000001700935,MTL_CONV_1700935,,15,,,1,WIP component issue,WH1,6820398,,,,,,,NP Direct Labour - COGS
C86,121811,LGC000001700936,MTL_CONV_1700936,,15,,,1,WIP component issue,WH1,6820398,,,,,,,NP Direct Labour - COGS
C86,121811,LGC000001700940,MTL_CONV_1700940,,15,,,1,WIP component issue,WH1,6820398,,,,,,,NP Direct Labour - COGS
C86,121811,LGC000001700942,MTL_CONV_1700942,,15,,,1,WIP component issue,WH1,6820398,,,,,,,NP Direct Labour - COGS
C86,121811,LGC000001700945,MTL_CONV_1700945,,10,,,1,WIP component issue,WH1,6820398,,,,,,,NP Direct Labour - COGS
C86,121811,LGC000001700954,MTL_CONV_1700954,,15,,,1,WIP component issue,WH1,6820398,,,,,,,NP Direct Labour - COGS
C86,121811,LGC000001700955,MTL_CONV_1700955,,15,,,1,WIP component issue,WH1,6820398,,,,,,,NP Direct Labour - COGS
C86,121811,LGC000001700957,MTL_CONV_1700957,,15,,,1,WIP component issue,WH1,6820398,,,,,,,NP Direct Labour - COGS
C86,121811,LGC000001700958,MTL_CONV_1700958,,15,,,1,WIP component issue,WH1,6820398,,,,,,,NP Direct Labour - COGS
C86,121811,LGC000001700960,MTL_CONV_1700960,,15,,,1,WIP component issue,WH1,6820398,,,,,,,NP Direct Labour - COGS
C86,121811,LGC000001700970,MTL_CONV_1700970,,15,,,1,WIP component issue,WH1,6820398,,,,,,,NP Direct Labour - COGS
C86,121811,LGC000001700988,MTL_CONV_1700988,,15,,,1,WIP component issue,WH1,6820398,,,,,,,NP Direct Labour - COGS
C86,121811,LGC000001700989,MTL_CONV_1700989,,15,,,1,WIP component issue,WH1,6820398,,,,,,,NP Direct Labour - COGS
C86,121811,LGC000001701000,MTL_CONV_1701000,,20,,,1,WIP component issue,WH1,6820398,,,,,,,NP Direct Labour - COGS
C86,121811,LGC000001701012,MTL_CONV_1701012,,90,,,1,WIP component issue,WH1,6820398,,,,,,,NP Direct Labour - COGS
C86,121811,LGC000001701020,MTL_CONV_1701020,,15,,,1,WIP component issue,WH1,6820398,,,,,,,NP Direct Labour - COGS
C86,121811,LGC000001701021,MTL_CONV_1701021,,15,,,1,WIP component issue,WH1,6820398,,,,,,,NP Direct Labour - COGS
C86,121811,LGC000001701022,MTL_CONV_1701022,,15,,,1,WIP component issue,WH1,6820398,,,,,,,NP Direct Labour - COGS
C86,121811,LGC000001701023,MTL_CONV_1701023,,15,,,1,WIP component issue,WH1,6820398,,,,,,,NP Direct Labour - COGS
C86,121811,LGC000001701024,MTL_CONV_1701024,,15,,,1,WIP component issue,WH1,6820398,,,,,,,NP Direct Labour - COGS
C86,121811,LGC000001701025,MTL_CONV_1701025,,15,,,1,WIP component issue,WH1,6820398,,,,,,,NP Direct Labour - COGS
C86,121811,LGC000001701026,MTL_CONV_1701026,,15,,,1,WIP component issue,WH1,6820398,,,,,,,NP Direct Labour - COGS
C86,121811,LGC000001701027,MTL_CONV_1701027,,15,,,1,WIP component issue,WH1,6820398,,,,,,,NP Direct Labour - COGS
C86,121811,LGC000001701043,MTL_CONV_1701043,,15,,,1,WIP component issue,WH1,6820398,,,,,,,NP Direct Labour - COGS
C86,121811,LGC000001701054,MTL_CONV_1701054,,15,,,1,WIP component issue,WH1,6820398,,,,,,,NP Direct Labour - COGS
C86,121811,LGC000001701055,MTL_CONV_1701055,,15,,,1,WIP component issue,WH1,6820398,,,,,,,NP Direct Labour - COGS
C86,121811,LGC000001701061,MTL_CONV_1701061,,15,,,1,WIP component issue,WH1,6820398,,,,,,,NP Direct Labour - COGS
C86,121811,LGC000001701073,MTL_CONV_1701073,,15,,,1,WIP component issue,WH1,6820398,,,,,,,NP Direct Labour - COGS
C86,121811,LGC000001701074,MTL_CONV_1701074,,15,,,1,WIP component issue,WH1,6820398,,,,,,,NP Direct Labour - COGS
C86,121811,LGC000001701120,MTL_CONV_1701120,,15,,,1,WIP component issue,WH1,6820398,,,,,,,NP Direct Labour - COGS
C86,121811,LGC000001701121,MTL_CONV_1701121,,20,,,1,WIP component issue,WH1,6820398,,,,,,,NP Direct Labour - COGS
C86,121811,LGC000001701130,MTL_CONV_1701130,,15,,,1,WIP component issue,WH1,6820398,,,,,,,NP Direct Labour - COGS
C86,121811,LGC000001701132,MTL_CONV_1701132,,60,,,1,WIP component issue,WH1,6820398,,,,,,,NP Direct Labour - COGS
C86,121811,LGC000001701134,MTL_CONV_1701134,,15,,,1,WIP component issue,WH1,6820398,,,,,,,NP Direct Labour - COGS
C86,121811,LGC000001701135,MTL_CONV_1701135,,15,,,1,WIP component issue,WH1,6820398,,,,,,,NP Direct Labour - COGS
C86,121811,LGC000001701137,MTL_CONV_1701137,,15,,,1,WIP component issue,WH1,6820398,,,,,,,NP Direct Labour - COGS
C86,121811,LGC000001701138,MTL_CONV_1701138,,15,,,1,WIP component issue,WH1,6820398,,,,,,,NP Direct Labour - COGS
C86,121811,LGC000001701142,MTL_CONV_1701142,,15,,,1,WIP component issue,WH1,6820398,,,,,,,NP Direct Labour - COGS
C86,121811,LGC000001701143,MTL_CONV_1701143,,15,,,1,WIP component issue,WH1,6820398,,,,,,,NP Direct Labour - COGS
C86,121811,LGC000001701144,MTL_CONV_1701144,,15,,,1,WIP component issue,WH1,6820398,,,,,,,NP Direct Labour - COGS
C86,121811,LGC000001701145,MTL_CONV_1701145,,15,,,1,WIP component issue,WH1,6820398,,,,,,,NP Direct Labour - COGS
C86,121811,LGC000001701146,MTL_CONV_1701146,,15,,,1,WIP component issue,WH1,6820398,,,,,,,NP Direct Labour - COGS
C86,121811,LGC000001701150,MTL_CONV_1701150,,15,,,1,WIP component issue,WH1,6820398,,,,,,,NP Direct Labour - COGS
C86,121811,LGC000001701151,MTL_CONV_1701151,,20,,,1,WIP component issue,WH1,6820398,,,,,,,NP Direct Labour - COGS
C86,121811,LGC000001701194,MTL_CONV_1701194,,30,,,1,WIP component issue,WH1,6820398,,,,,,,NP Direct Labour - COGS
C86,121811,LGC000001701211,MTL_CONV_1701211,,15,,,1,WIP component issue,WH1,6820398,,,,,,,NP Direct Labour - COGS
C86,121811,LGC000001701215,MTL_CONV_1701215,,15,,,1,WIP component issue,WH1,6820398,,,,,,,NP Direct Labour - COGS
C86,121811,LGC000001701218,MTL_CONV_1701218,,15,,,1,WIP component issue,WH1,6820398,,,,,,,NP Direct Labour - COGS
C86,121811,LGC000001701220,MTL_CONV_1701220,,15,,,1,WIP component issue,WH1,6820398,,,,,,,NP Direct Labour - COGS
C86,121811,LGC000001701241,MTL_CONV_1701241,,15,,,1,WIP component issue,WH1,6820398,,,,,,,NP Direct Labour - COGS
C86,121811,LGC000001701257,MTL_CONV_1701257,,20,,,1,WIP component issue,WH1,6820398,,,,,,,NP Direct Labour - COGS
C86,121811,LGC000001701262,MTL_CONV_1701262,,15,,,1,WIP component issue,WH1,6820398,,,,,,,NP Direct Labour - COGS
C86,121811,LGC000001701263,MTL_CONV_1701263,,15,,,1,WIP component issue,WH1,6820398,,,,,,,NP Direct Labour - COGS
C86,121811,LGC000001701264,MTL_CONV_1701264,,15,,,1,WIP component issue,WH1,6820398,,,,,,,NP Direct Labour - COGS
C86,121811,LGC000001701265,MTL_CONV_1701265,,15,,,1,WIP component issue,WH1,6820398,,,,,,,NP Direct Labour - COGS
C86,121811,LGC000001701276,MTL_CONV_1701276,,15,,,1,WIP component issue,WH1,6820398,,,,,,,NP Direct Labour - COGS
C86,121811,LGC000001701278,MTL_CONV_1701278,,15,,,1,WIP component issue,WH1,6820398,,,,,,,NP Direct Labour - COGS
C86,121811,LGC000001701279,MTL_CONV_1701279,,15,,,1,WIP component issue,WH1,6820398,,,,,,,NP Direct Labour - COGS
C86,121811,LGC000001701310,MTL_CONV_1701310,,20,,,1,WIP component issue,WH1,6820398,,,,,,,NP Direct Labour - COGS
C86,121811,LGC000001701313,MTL_CONV_1701313,,15,,,1,WIP component issue,WH1,6820398,,,,,,,NP Direct Labour - COGS
C86,121811,LGC000001701314,MTL_CONV_1701314,,15,,,1,WIP component issue,WH1,6820398,,,,,,,NP Direct Labour - COGS
C86,121811,LGC000001701317,MTL_CONV_1701317,,15,,,1,WIP component issue,WH1,6820398,,,,,,,NP Direct Labour - COGS
C86,121811,LGC000001701319,MTL_CONV_1701319,,15,,,1,WIP component issue,WH1,6820398,,,,,,,NP Direct Labour - COGS
C86,121811,LGC000002082661,MTL_CONV_2082661,,100,,,1,WIP component issue,WH1,6820398,,,,,,,NP Direct Labour - COGS
C86,121811,LGC000002083411,MTL_CONV_2083411,,50,,,1,WIP component issue,WH1,6820398,,,,,,,NP Direct Labour - COGS
C86,121811,LGC000002083412,MTL_CONV_2083412,,10,,,1,WIP component issue,WH1,6820398,,,,,,,NP Direct Labour - COGS
C86,121811,LGC000002083427,MTL_CONV_2083427,,20,,,1,WIP component issue,WH1,6820398,,,,,,,NP Direct Labour - COGS
C86,121811,LGC000002083607,MTL_CONV_2083607,,20,,,1,WIP component issue,WH1,6820398,,,,,,,NP Direct Labour - COGS
C86,121811,LGC000002083647,MTL_CONV_2083647,,20,,,1,WIP component issue,WH1,6820398,,,,,,,NP Direct Labour - COGS
C86,121811,LGC000002083666,MTL_CONV_2083666,,15,,,1,WIP component issue,WH1,6820398,,,,,,,NP Direct Labour - COGS
C86,121811,LGC000002083705,MTL_CONV_2083705,,20,,,1,WIP component issue,WH1,6820398,,,,,,,NP Direct Labour - COGS
C86,121811,LGC000002083706,MTL_CONV_2083706,,20,,,1,WIP component issue,WH1,6820398,,,,,,,NP Direct Labour - COGS
C86,121811,LGC000002083711,MTL_CONV_2083711,,15,,,1,WIP component issue,WH1,6820398,,,,,,,NP Direct Labour - COGS
C86,121811,LGC000002083712,MTL_CONV_2083712,,15,,,1,WIP component issue,WH1,6820398,,,,,,,NP Direct Labour - COGS
C86,121811,LGC000002083727,MTL_CONV_2083727,,15,,,1,WIP component issue,WH1,6820398,,,,,,,NP Direct Labour - COGS
C86,121811,LGC000002083736,MTL_CONV_2083736,,20,,,1,WIP component issue,WH1,6820398,,,,,,,NP Direct Labour - COGS
C86,121811,LGC000002083743,MTL_CONV_2083743,,20,,,1,WIP component issue,WH1,6820398,,,,,,,NP Direct Labour - COGS
C86,121811,LGC000002083875,MTL_CONV_2083875,,15,,,1,WIP component issue,WH1,6820398,,,,,,,NP Direct Labour - COGS
C86,121811,LGC000002083888,MTL_CONV_2083888,,20,,,1,WIP component issue,WH1,6820398,,,,,,,NP Direct Labour - COGS
C86,121811,LGC000002083895,MTL_CONV_2083895,,20,,,1,WIP component issue,WH1,6820398,,,,,,,NP Direct Labour - COGS
C86,121811,LGC000002083916,MTL_CONV_2083916,,20,,,1,WIP component issue,WH1,6820398,,,,,,,NP Direct Labour - COGS
C86,121811,LGC000002083941,MTL_CONV_2083941,,20,,,1,WIP component issue,WH1,6820398,,,,,,,NP Direct Labour - COGS
C86,121811,LGC000002083949,MTL_CONV_2083949,,20,,,1,WIP component issue,WH1,6820398,,,,,,,NP Direct Labour - COGS
C86,121811,LGC000002083960,MTL_CONV_2083960,,20,,,1,WIP component issue,WH1,6820398,,,,,,,NP Direct Labour - COGS
C86,121811,LGC000002084066,MTL_CONV_2084066,,20,,,1,WIP component issue,WH1,6820398,,,,,,,NP Direct Labour - COGS
C86,121811,LGC000003002755,MTL_CONV_3002755,,15,,,1,WIP component issue,WH1,6820398,,,,,,,NP Direct Labour - COGS
C86,121811,LGC000003002756,MTL_CONV_3002756,,15,,,1,WIP component issue,WH1,6820398,,,,,,,NP Direct Labour - COGS
C86,121811,LGC000003002758,MTL_CONV_3002758,,15,,,1,WIP component issue,WH1,6820398,,,,,,,NP Direct Labour - COGS
C86,121811,LGC000003002910,MTL_CONV_3002910,,15,,,1,WIP component issue,WH1,6820398,,,,,,,NP Direct Labour - COGS
C86,121811,LGC000003002913,MTL_CONV_3002913,,15,,,1,WIP component issue,WH1,6820398,,,,,,,NP Direct Labour - COGS
C86,121811,LGC000003002914,MTL_CONV_3002914,,15,,,1,WIP component issue,WH1,6820398,,,,,,,NP Direct Labour - COGS
C86,121811,LGC000003002923,MTL_CONV_3002923,,20,,,1,WIP component issue,WH1,6820398,,,,,,,NP Direct Labour - COGS
C86,121811,LGC000003002976,MTL_CONV_3002976,,15,,,1,WIP component issue,WH1,6820398,,,,,,,NP Direct Labour - COGS
C86,121811,LGC000003002977,MTL_CONV_3002977,,15,,,1,WIP component issue,WH1,6820398,,,,,,,NP Direct Labour - COGS
C86,121811,LGC000003002978,MTL_CONV_3002978,,15,,,1,WIP component issue,WH1,6820398,,,,,,,NP Direct Labour - COGS
C86,121811,LGC000003002979,MTL_CONV_3002979,,15,,,1,WIP component issue,WH1,6820398,,,,,,,NP Direct Labour - COGS
C86,121811,LGC000003003079,MTL_CONV_3003079,,15,,,1,WIP component issue,WH1,6820398,,,,,,,NP Direct Labour - COGS
