BATCH_ID,ORGANIZATION_CODE,ORGANIZATION_ID,COMPONENT_ITEM_ID,SUPPLY_SUBINVENTORY_CODE,JOB_NUMBER,OPERATION_SEQ_NUM,COMPONENT_ITEM_NUMBER,DATE_REQUIRED,QUANTITY_PER_ASSEMBLY,REQUIRED_QUANTITY,SUPPLY_TYPE,WAREHOUSE,BO_PUSH_DATE,ZSOURCE,COST_PROJECT,COST,EXPENDITURE_TYPE,PROCESS_FLAG
1001,C86,121811,,,LGC000001698529,15,MTL_CONV_1698529,01-DEC-2022,1,1,PUSH,,,LUFKIN,,,,N
1001,C86,121811,,,LGC000001698694,15,MTL_CONV_1698694,01-DEC-2022,1,1,PUSH,,,LUFKIN,,,,N
1001,C86,121811,,,LGC000001698999,10,MTL_CONV_1698999,01-DEC-2022,1,1,PUSH,,,LUFKIN,,,,N
1001,C86,121811,,,LGC000001699000,10,MTL_CONV_1699000,01-DEC-2022,1,1,PUSH,,,LUFKIN,,,,N
1001,C86,121811,,,LGC000001699003,10,MTL_CONV_1699003,01-DEC-2022,1,1,PUSH,,,LUFKIN,,,,N
1001,C86,121811,,,LGC000001699067,15,MTL_CONV_1699067,01-DEC-2022,1,1,PUSH,,,LUFKIN,,,,N
1001,C86,121811,,,LGC000001699167,15,MTL_CONV_1699167,01-DEC-2022,1,1,PUSH,,,LUFKIN,,,,N
1001,C86,121811,,,LGC000001699190,15,MTL_CONV_1699190,01-DEC-2022,1,1,PUSH,,,LUFKIN,,,,N
1001,C86,121811,,,LGC000001699721,20,MTL_CONV_1699721,01-DEC-2022,1,1,PUSH,,,LUFKIN,,,,N
1001,C86,121811,,,LGC000001699723,20,MTL_CONV_1699723,01-DEC-2022,1,1,PUSH,,,LUFKIN,,,,N
1001,C86,121811,,,LGC000001699724,20,MTL_CONV_1699724,01-DEC-2022,1,1,PUSH,,,LUFKIN,,,,N
1001,C86,121811,,,LGC000001699932,20,MTL_CONV_1699932,01-DEC-2022,1,1,PUSH,,,LUFKIN,,,,N
1001,C86,121811,,,LGC000001699938,15,MTL_CONV_1699938,01-DEC-2022,1,1,PUSH,,,LUFKIN,,,,N
1001,C86,121811,,,LGC000001699954,15,MTL_CONV_1699954,01-DEC-2022,1,1,PUSH,,,LUFKIN,,,,N
1001,C86,121811,,,LGC000001699955,15,MTL_CONV_1699955,01-DEC-2022,1,1,PUSH,,,LUFKIN,,,,N
1001,C86,121811,,,LGC000001699965,15,MTL_CONV_1699965,01-DEC-2022,1,1,PUSH,,,LUFKIN,,,,N
1001,C86,121811,,,LGC000001700002,15,MTL_CONV_1700002,01-DEC-2022,1,1,PUSH,,,LUFKIN,,,,N
1001,C86,121811,,,LGC000001700037,15,MTL_CONV_1700037,01-DEC-2022,1,1,PUSH,,,LUFKIN,,,,N
1001,C86,121811,,,LGC000001700038,15,MTL_CONV_1700038,01-DEC-2022,1,1,PUSH,,,LUFKIN,,,,N
1001,C86,121811,,,LGC000001700060,10,MTL_CONV_1700060,01-DEC-2022,1,1,PUSH,,,LUFKIN,,,,N
1001,C86,121811,,,LGC000001700062,15,MTL_CONV_1700062,01-DEC-2022,1,1,PUSH,,,LUFKIN,,,,N
1001,C86,121811,,,LGC000001700070,10,MTL_CONV_1700070,01-DEC-2022,1,1,PUSH,,,LUFKIN,,,,N
1001,C86,121811,,,LGC000001700071,10,MTL_CONV_1700071,01-DEC-2022,1,1,PUSH,,,LUFKIN,,,,N
1001,C86,121811,,,LGC000001700076,15,MTL_CONV_1700076,01-DEC-2022,1,1,PUSH,,,LUFKIN,,,,N
1001,C86,121811,,,LGC000001700130,40,MTL_CONV_1700130,01-DEC-2022,1,1,PUSH,,,LUFKIN,,,,N
1001,C86,121811,,,LGC000001700131,15,MTL_CONV_1700131,01-DEC-2022,1,1,PUSH,,,LUFKIN,,,,N
1001,C86,121811,,,LGC000001700176,20,MTL_CONV_1700176,01-DEC-2022,1,1,PUSH,,,LUFKIN,,,,N
1001,C86,121811,,,LGC000001700185,15,MTL_CONV_1700185,01-DEC-2022,1,1,PUSH,,,LUFKIN,,,,N
1001,C86,121811,,,LGC000001700186,15,MTL_CONV_1700186,01-DEC-2022,1,1,PUSH,,,LUFKIN,,,,N
1001,C86,121811,,,LGC000001700229,15,MTL_CONV_1700229,01-DEC-2022,1,1,PUSH,,,LUFKIN,,,,N
1001,C86,121811,,,LGC000001700278,20,MTL_CONV_1700278,01-DEC-2022,1,1,PUSH,,,LUFKIN,,,,N
1001,C86,121811,,,LGC000001700279,15,MTL_CONV_1700279,01-DEC-2022,1,1,PUSH,,,LUFKIN,,,,N
1001,C86,121811,,,LGC000001700282,15,MTL_CONV_1700282,01-DEC-2022,1,1,PUSH,,,LUFKIN,,,,N
1001,C86,121811,,,LGC000001700283,15,MTL_CONV_1700283,01-DEC-2022,1,1,PUSH,,,LUFKIN,,,,N
1001,C86,121811,,,LGC000001700304,15,MTL_CONV_1700304,01-DEC-2022,1,1,PUSH,,,LUFKIN,,,,N
1001,C86,121811,,,LGC000001700312,20,MTL_CONV_1700312,01-DEC-2022,1,1,PUSH,,,LUFKIN,,,,N
1001,C86,121811,,,LGC000001700313,15,MTL_CONV_1700313,01-DEC-2022,1,1,PUSH,,,LUFKIN,,,,N
1001,C86,121811,,,LGC000001700314,15,MTL_CONV_1700314,01-DEC-2022,1,1,PUSH,,,LUFKIN,,,,N
1001,C86,121811,,,LGC000001700315,15,MTL_CONV_1700315,01-DEC-2022,1,1,PUSH,,,LUFKIN,,,,N
1001,C86,121811,,,LGC000001700317,15,MTL_CONV_1700317,01-DEC-2022,1,1,PUSH,,,LUFKIN,,,,N
1001,C86,121811,,,LGC000001700318,15,MTL_CONV_1700318,01-DEC-2022,1,1,PUSH,,,LUFKIN,,,,N
1001,C86,121811,,,LGC000001700319,15,MTL_CONV_1700319,01-DEC-2022,1,1,PUSH,,,LUFKIN,,,,N
1001,C86,121811,,,LGC000001700320,15,MTL_CONV_1700320,01-DEC-2022,1,1,PUSH,,,LUFKIN,,,,N
1001,C86,121811,,,LGC000001700321,15,MTL_CONV_1700321,01-DEC-2022,1,1,PUSH,,,LUFKIN,,,,N
1001,C86,121811,,,LGC000001700331,15,MTL_CONV_1700331,01-DEC-2022,1,1,PUSH,,,LUFKIN,,,,N
1001,C86,121811,,,LGC000001700334,15,MTL_CONV_1700334,01-DEC-2022,1,1,PUSH,,,LUFKIN,,,,N
1001,C86,121811,,,LGC000001700337,15,MTL_CONV_1700337,01-DEC-2022,1,1,PUSH,,,LUFKIN,,,,N
1001,C86,121811,,,LGC000001700339,20,MTL_CONV_1700339,01-DEC-2022,1,1,PUSH,,,LUFKIN,,,,N
1001,C86,121811,,,LGC000001700412,20,MTL_CONV_1700412,01-DEC-2022,1,1,PUSH,,,LUFKIN,,,,N
1001,C86,121811,,,LGC000001700413,15,MTL_CONV_1700413,01-DEC-2022,1,1,PUSH,,,LUFKIN,,,,N
1001,C86,121811,,,LGC000001700423,20,MTL_CONV_1700423,01-DEC-2022,1,1,PUSH,,,LUFKIN,,,,N
1001,C86,121811,,,LGC000001700437,15,MTL_CONV_1700437,01-DEC-2022,1,1,PUSH,,,LUFKIN,,,,N
1001,C86,121811,,,LGC000001700454,20,MTL_CONV_1700454,01-DEC-2022,1,1,PUSH,,,LUFKIN,,,,N
1001,C86,121811,,,LGC000001700455,20,MTL_CONV_1700455,01-DEC-2022,1,1,PUSH,,,LUFKIN,,,,N
1001,C86,121811,,,LGC000001700456,20,MTL_CONV_1700456,01-DEC-2022,1,1,PUSH,,,LUFKIN,,,,N
1001,C86,121811,,,LGC000001700457,15,MTL_CONV_1700457,01-DEC-2022,1,1,PUSH,,,LUFKIN,,,,N
1001,C86,121811,,,LGC000001700458,15,MTL_CONV_1700458,01-DEC-2022,1,1,PUSH,,,LUFKIN,,,,N
1001,C86,121811,,,LGC000001700459,15,MTL_CONV_1700459,01-DEC-2022,1,1,PUSH,,,LUFKIN,,,,N
1001,C86,121811,,,LGC000001700460,15,MTL_CONV_1700460,01-DEC-2022,1,1,PUSH,,,LUFKIN,,,,N
1001,C86,121811,,,LGC000001700463,15,MTL_CONV_1700463,01-DEC-2022,1,1,PUSH,,,LUFKIN,,,,N
1001,C86,121811,,,LGC000001700467,15,MTL_CONV_1700467,01-DEC-2022,1,1,PUSH,,,LUFKIN,,,,N
1001,C86,121811,,,LGC000001700471,15,MTL_CONV_1700471,01-DEC-2022,1,1,PUSH,,,LUFKIN,,,,N
1001,C86,121811,,,LGC000001700480,15,MTL_CONV_1700480,01-DEC-2022,1,1,PUSH,,,LUFKIN,,,,N
1001,C86,121811,,,LGC000001700481,15,MTL_CONV_1700481,01-DEC-2022,1,1,PUSH,,,LUFKIN,,,,N
1001,C86,121811,,,LGC000001700482,15,MTL_CONV_1700482,01-DEC-2022,1,1,PUSH,,,LUFKIN,,,,N
1001,C86,121811,,,LGC000001700483,15,MTL_CONV_1700483,01-DEC-2022,1,1,PUSH,,,LUFKIN,,,,N
1001,C86,121811,,,LGC000001700489,15,MTL_CONV_1700489,01-DEC-2022,1,1,PUSH,,,LUFKIN,,,,N
1001,C86,121811,,,LGC000001700491,15,MTL_CONV_1700491,01-DEC-2022,1,1,PUSH,,,LUFKIN,,,,N
1001,C86,121811,,,LGC000001700494,15,MTL_CONV_1700494,01-DEC-2022,1,1,PUSH,,,LUFKIN,,,,N
1001,C86,121811,,,LGC000001700499,20,MTL_CONV_1700499,01-DEC-2022,1,1,PUSH,,,LUFKIN,,,,N
1001,C86,121811,,,LGC000001700510,10,MTL_CONV_1700510,01-DEC-2022,1,1,PUSH,,,LUFKIN,,,,N
1001,C86,121811,,,LGC000001700512,15,MTL_CONV_1700512,01-DEC-2022,1,1,PUSH,,,LUFKIN,,,,N
1001,C86,121811,,,LGC000001700517,15,MTL_CONV_1700517,01-DEC-2022,1,1,PUSH,,,LUFKIN,,,,N
1001,C86,121811,,,LGC000001700521,10,MTL_CONV_1700521,01-DEC-2022,1,1,PUSH,,,LUFKIN,,,,N
1001,C86,121811,,,LGC000001700522,10,MTL_CONV_1700522,01-DEC-2022,1,1,PUSH,,,LUFKIN,,,,N
1001,C86,121811,,,LGC000001700524,15,MTL_CONV_1700524,01-DEC-2022,1,1,PUSH,,,LUFKIN,,,,N
1001,C86,121811,,,LGC000001700525,15,MTL_CONV_1700525,01-DEC-2022,1,1,PUSH,,,LUFKIN,,,,N
1001,C86,121811,,,LGC000001700531,15,MTL_CONV_1700531,01-DEC-2022,1,1,PUSH,,,LUFKIN,,,,N
1001,C86,121811,,,LGC000001700538,15,MTL_CONV_1700538,01-DEC-2022,1,1,PUSH,,,LUFKIN,,,,N
1001,C86,121811,,,LGC000001700540,15,MTL_CONV_1700540,01-DEC-2022,1,1,PUSH,,,LUFKIN,,,,N
1001,C86,121811,,,LGC000001700542,15,MTL_CONV_1700542,01-DEC-2022,1,1,PUSH,,,LUFKIN,,,,N
1001,C86,121811,,,LGC000001700544,15,MTL_CONV_1700544,01-DEC-2022,1,1,PUSH,,,LUFKIN,,,,N
1001,C86,121811,,,LGC000001700546,15,MTL_CONV_1700546,01-DEC-2022,1,1,PUSH,,,LUFKIN,,,,N
1001,C86,121811,,,LGC000001700548,15,MTL_CONV_1700548,01-DEC-2022,1,1,PUSH,,,LUFKIN,,,,N
1001,C86,121811,,,LGC000001700553,15,MTL_CONV_1700553,01-DEC-2022,1,1,PUSH,,,LUFKIN,,,,N
1001,C86,121811,,,LGC000001700554,15,MTL_CONV_1700554,01-DEC-2022,1,1,PUSH,,,LUFKIN,,,,N
1001,C86,121811,,,LGC000001700555,15,MTL_CONV_1700555,01-DEC-2022,1,1,PUSH,,,LUFKIN,,,,N
1001,C86,121811,,,LGC000001700557,15,MTL_CONV_1700557,01-DEC-2022,1,1,PUSH,,,LUFKIN,,,,N
1001,C86,121811,,,LGC000001700560,15,MTL_CONV_1700560,01-DEC-2022,1,1,PUSH,,,LUFKIN,,,,N
1001,C86,121811,,,LGC000001700562,15,MTL_CONV_1700562,01-DEC-2022,1,1,PUSH,,,LUFKIN,,,,N
1001,C86,121811,,,LGC000001700563,15,MTL_CONV_1700563,01-DEC-2022,1,1,PUSH,,,LUFKIN,,,,N
1001,C86,121811,,,LGC000001700564,15,MTL_CONV_1700564,01-DEC-2022,1,1,PUSH,,,LUFKIN,,,,N
1001,C86,121811,,,LGC000001700569,15,MTL_CONV_1700569,01-DEC-2022,1,1,PUSH,,,LUFKIN,,,,N
1001,C86,121811,,,LGC000001700570,15,MTL_CONV_1700570,01-DEC-2022,1,1,PUSH,,,LUFKIN,,,,N
1001,C86,121811,,,LGC000001700577,15,MTL_CONV_1700577,01-DEC-2022,1,1,PUSH,,,LUFKIN,,,,N
1001,C86,121811,,,LGC000001700578,15,MTL_CONV_1700578,01-DEC-2022,1,1,PUSH,,,LUFKIN,,,,N
1001,C86,121811,,,LGC000001700579,15,MTL_CONV_1700579,01-DEC-2022,1,1,PUSH,,,LUFKIN,,,,N
1001,C86,121811,,,LGC000001700580,15,MTL_CONV_1700580,01-DEC-2022,1,1,PUSH,,,LUFKIN,,,,N
1001,C86,121811,,,LGC000001700581,20,MTL_CONV_1700581,01-DEC-2022,1,1,PUSH,,,LUFKIN,,,,N
1001,C86,121811,,,LGC000001700582,20,MTL_CONV_1700582,01-DEC-2022,1,1,PUSH,,,LUFKIN,,,,N
1001,C86,121811,,,LGC000001700671,15,MTL_CONV_1700671,01-DEC-2022,1,1,PUSH,,,LUFKIN,,,,N
1001,C86,121811,,,LGC000001700759,15,MTL_CONV_1700759,01-DEC-2022,1,1,PUSH,,,LUFKIN,,,,N
1001,C86,121811,,,LGC000001700761,10,MTL_CONV_1700761,01-DEC-2022,1,1,PUSH,,,LUFKIN,,,,N
1001,C86,121811,,,LGC000001700762,15,MTL_CONV_1700762,01-DEC-2022,1,1,PUSH,,,LUFKIN,,,,N
1001,C86,121811,,,LGC000001700767,15,MTL_CONV_1700767,01-DEC-2022,1,1,PUSH,,,LUFKIN,,,,N
1001,C86,121811,,,LGC000001700775,10,MTL_CONV_1700775,01-DEC-2022,1,1,PUSH,,,LUFKIN,,,,N
1001,C86,121811,,,LGC000001700780,10,MTL_CONV_1700780,01-DEC-2022,1,1,PUSH,,,LUFKIN,,,,N
1001,C86,121811,,,LGC000001700781,15,MTL_CONV_1700781,01-DEC-2022,1,1,PUSH,,,LUFKIN,,,,N
1001,C86,121811,,,LGC000001700782,15,MTL_CONV_1700782,01-DEC-2022,1,1,PUSH,,,LUFKIN,,,,N
1001,C86,121811,,,LGC000001700803,15,MTL_CONV_1700803,01-DEC-2022,1,1,PUSH,,,LUFKIN,,,,N
1001,C86,121811,,,LGC000001700813,15,MTL_CONV_1700813,01-DEC-2022,1,1,PUSH,,,LUFKIN,,,,N
1001,C86,121811,,,LGC000001700834,10,MTL_CONV_1700834,01-DEC-2022,1,1,PUSH,,,LUFKIN,,,,N
1001,C86,121811,,,LGC000001700835,10,MTL_CONV_1700835,01-DEC-2022,1,1,PUSH,,,LUFKIN,,,,N
1001,C86,121811,,,LGC000001700836,10,MTL_CONV_1700836,01-DEC-2022,1,1,PUSH,,,LUFKIN,,,,N
1001,C86,121811,,,LGC000001700837,10,MTL_CONV_1700837,01-DEC-2022,1,1,PUSH,,,LUFKIN,,,,N
1001,C86,121811,,,LGC000001700842,15,MTL_CONV_1700842,01-DEC-2022,1,1,PUSH,,,LUFKIN,,,,N
1001,C86,121811,,,LGC000001700851,15,MTL_CONV_1700851,01-DEC-2022,1,1,PUSH,,,LUFKIN,,,,N
1001,C86,121811,,,LGC000001700870,20,MTL_CONV_1700870,01-DEC-2022,1,1,PUSH,,,LUFKIN,,,,N
1001,C86,121811,,,LGC000001700875,15,MTL_CONV_1700875,01-DEC-2022,1,1,PUSH,,,LUFKIN,,,,N
1001,C86,121811,,,LGC000001700877,15,MTL_CONV_1700877,01-DEC-2022,1,1,PUSH,,,LUFKIN,,,,N
1001,C86,121811,,,LGC000001700878,15,MTL_CONV_1700878,01-DEC-2022,1,1,PUSH,,,LUFKIN,,,,N
1001,C86,121811,,,LGC000001700891,20,MTL_CONV_1700891,01-DEC-2022,1,1,PUSH,,,LUFKIN,,,,N
1001,C86,121811,,,LGC000001700892,15,MTL_CONV_1700892,01-DEC-2022,1,1,PUSH,,,LUFKIN,,,,N
1001,C86,121811,,,LGC000001700893,15,MTL_CONV_1700893,01-DEC-2022,1,1,PUSH,,,LUFKIN,,,,N
1001,C86,121811,,,LGC000001700894,15,MTL_CONV_1700894,01-DEC-2022,1,1,PUSH,,,LUFKIN,,,,N
1001,C86,121811,,,LGC000001700896,20,MTL_CONV_1700896,01-DEC-2022,1,1,PUSH,,,LUFKIN,,,,N
1001,C86,121811,,,LGC000001700897,15,MTL_CONV_1700897,01-DEC-2022,1,1,PUSH,,,LUFKIN,,,,N
1001,C86,121811,,,LGC000001700900,10,MTL_CONV_1700900,01-DEC-2022,1,1,PUSH,,,LUFKIN,,,,N
1001,C86,121811,,,LGC000001700907,20,MTL_CONV_1700907,01-DEC-2022,1,1,PUSH,,,LUFKIN,,,,N
1001,C86,121811,,,LGC000001700908,20,MTL_CONV_1700908,01-DEC-2022,1,1,PUSH,,,LUFKIN,,,,N
1001,C86,121811,,,LGC000001700909,15,MTL_CONV_1700909,01-DEC-2022,1,1,PUSH,,,LUFKIN,,,,N
1001,C86,121811,,,LGC000001700915,15,MTL_CONV_1700915,01-DEC-2022,1,1,PUSH,,,LUFKIN,,,,N
1001,C86,121811,,,LGC000001700923,15,MTL_CONV_1700923,01-DEC-2022,1,1,PUSH,,,LUFKIN,,,,N
1001,C86,121811,,,LGC000001700932,15,MTL_CONV_1700932,01-DEC-2022,1,1,PUSH,,,LUFKIN,,,,N
1001,C86,121811,,,LGC000001700933,15,MTL_CONV_1700933,01-DEC-2022,1,1,PUSH,,,LUFKIN,,,,N
1001,C86,121811,,,LGC000001700934,15,MTL_CONV_1700934,01-DEC-2022,1,1,PUSH,,,LUFKIN,,,,N
1001,C86,121811,,,LGC000001700935,15,MTL_CONV_1700935,01-DEC-2022,1,1,PUSH,,,LUFKIN,,,,N
1001,C86,121811,,,LGC000001700936,15,MTL_CONV_1700936,01-DEC-2022,1,1,PUSH,,,LUFKIN,,,,N
1001,C86,121811,,,LGC000001700940,15,MTL_CONV_1700940,01-DEC-2022,1,1,PUSH,,,LUFKIN,,,,N
1001,C86,121811,,,LGC000001700942,15,MTL_CONV_1700942,01-DEC-2022,1,1,PUSH,,,LUFKIN,,,,N
1001,C86,121811,,,LGC000001700945,10,MTL_CONV_1700945,01-DEC-2022,1,1,PUSH,,,LUFKIN,,,,N
1001,C86,121811,,,LGC000001700954,15,MTL_CONV_1700954,01-DEC-2022,1,1,PUSH,,,LUFKIN,,,,N
1001,C86,121811,,,LGC000001700955,15,MTL_CONV_1700955,01-DEC-2022,1,1,PUSH,,,LUFKIN,,,,N
1001,C86,121811,,,LGC000001700957,15,MTL_CONV_1700957,01-DEC-2022,1,1,PUSH,,,LUFKIN,,,,N
1001,C86,121811,,,LGC000001700958,15,MTL_CONV_1700958,01-DEC-2022,1,1,PUSH,,,LUFKIN,,,,N
1001,C86,121811,,,LGC000001700960,15,MTL_CONV_1700960,01-DEC-2022,1,1,PUSH,,,LUFKIN,,,,N
1001,C86,121811,,,LGC000001700970,15,MTL_CONV_1700970,01-DEC-2022,1,1,PUSH,,,LUFKIN,,,,N
1001,C86,121811,,,LGC000001700988,15,MTL_CONV_1700988,01-DEC-2022,1,1,PUSH,,,LUFKIN,,,,N
1001,C86,121811,,,LGC000001700989,15,MTL_CONV_1700989,01-DEC-2022,1,1,PUSH,,,LUFKIN,,,,N
1001,C86,121811,,,LGC000001701000,20,MTL_CONV_1701000,01-DEC-2022,1,1,PUSH,,,LUFKIN,,,,N
1001,C86,121811,,,LGC000001701012,90,MTL_CONV_1701012,01-DEC-2022,1,1,PUSH,,,LUFKIN,,,,N
1001,C86,121811,,,LGC000001701020,15,MTL_CONV_1701020,01-DEC-2022,1,1,PUSH,,,LUFKIN,,,,N
1001,C86,121811,,,LGC000001701021,15,MTL_CONV_1701021,01-DEC-2022,1,1,PUSH,,,LUFKIN,,,,N
1001,C86,121811,,,LGC000001701022,15,MTL_CONV_1701022,01-DEC-2022,1,1,PUSH,,,LUFKIN,,,,N
1001,C86,121811,,,LGC000001701023,15,MTL_CONV_1701023,01-DEC-2022,1,1,PUSH,,,LUFKIN,,,,N
1001,C86,121811,,,LGC000001701024,15,MTL_CONV_1701024,01-DEC-2022,1,1,PUSH,,,LUFKIN,,,,N
1001,C86,121811,,,LGC000001701025,15,MTL_CONV_1701025,01-DEC-2022,1,1,PUSH,,,LUFKIN,,,,N
1001,C86,121811,,,LGC000001701026,15,MTL_CONV_1701026,01-DEC-2022,1,1,PUSH,,,LUFKIN,,,,N
1001,C86,121811,,,LGC000001701027,15,MTL_CONV_1701027,01-DEC-2022,1,1,PUSH,,,LUFKIN,,,,N
1001,C86,121811,,,LGC000001701043,15,MTL_CONV_1701043,01-DEC-2022,1,1,PUSH,,,LUFKIN,,,,N
1001,C86,121811,,,LGC000001701054,15,MTL_CONV_1701054,01-DEC-2022,1,1,PUSH,,,LUFKIN,,,,N
1001,C86,121811,,,LGC000001701055,15,MTL_CONV_1701055,01-DEC-2022,1,1,PUSH,,,LUFKIN,,,,N
1001,C86,121811,,,LGC000001701061,15,MTL_CONV_1701061,01-DEC-2022,1,1,PUSH,,,LUFKIN,,,,N
1001,C86,121811,,,LGC000001701073,15,MTL_CONV_1701073,01-DEC-2022,1,1,PUSH,,,LUFKIN,,,,N
1001,C86,121811,,,LGC000001701074,15,MTL_CONV_1701074,01-DEC-2022,1,1,PUSH,,,LUFKIN,,,,N
1001,C86,121811,,,LGC000001701120,15,MTL_CONV_1701120,01-DEC-2022,1,1,PUSH,,,LUFKIN,,,,N
1001,C86,121811,,,LGC000001701121,20,MTL_CONV_1701121,01-DEC-2022,1,1,PUSH,,,LUFKIN,,,,N
1001,C86,121811,,,LGC000001701130,15,MTL_CONV_1701130,01-DEC-2022,1,1,PUSH,,,LUFKIN,,,,N
1001,C86,121811,,,LGC000001701132,60,MTL_CONV_1701132,01-DEC-2022,1,1,PUSH,,,LUFKIN,,,,N
1001,C86,121811,,,LGC000001701134,15,MTL_CONV_1701134,01-DEC-2022,1,1,PUSH,,,LUFKIN,,,,N
1001,C86,121811,,,LGC000001701135,15,MTL_CONV_1701135,01-DEC-2022,1,1,PUSH,,,LUFKIN,,,,N
1001,C86,121811,,,LGC000001701137,15,MTL_CONV_1701137,01-DEC-2022,1,1,PUSH,,,LUFKIN,,,,N
1001,C86,121811,,,LGC000001701138,15,MTL_CONV_1701138,01-DEC-2022,1,1,PUSH,,,LUFKIN,,,,N
1001,C86,121811,,,LGC000001701142,15,MTL_CONV_1701142,01-DEC-2022,1,1,PUSH,,,LUFKIN,,,,N
1001,C86,121811,,,LGC000001701143,15,MTL_CONV_1701143,01-DEC-2022,1,1,PUSH,,,LUFKIN,,,,N
1001,C86,121811,,,LGC000001701144,15,MTL_CONV_1701144,01-DEC-2022,1,1,PUSH,,,LUFKIN,,,,N
1001,C86,121811,,,LGC000001701145,15,MTL_CONV_1701145,01-DEC-2022,1,1,PUSH,,,LUFKIN,,,,N
1001,C86,121811,,,LGC000001701146,15,MTL_CONV_1701146,01-DEC-2022,1,1,PUSH,,,LUFKIN,,,,N
1001,C86,121811,,,LGC000001701150,15,MTL_CONV_1701150,01-DEC-2022,1,1,PUSH,,,LUFKIN,,,,N
1001,C86,121811,,,LGC000001701151,20,MTL_CONV_1701151,01-DEC-2022,1,1,PUSH,,,LUFKIN,,,,N
1001,C86,121811,,,LGC000001701194,30,MTL_CONV_1701194,01-DEC-2022,1,1,PUSH,,,LUFKIN,,,,N
1001,C86,121811,,,LGC000001701211,15,MTL_CONV_1701211,01-DEC-2022,1,1,PUSH,,,LUFKIN,,,,N
1001,C86,121811,,,LGC000001701215,15,MTL_CONV_1701215,01-DEC-2022,1,1,PUSH,,,LUFKIN,,,,N
1001,C86,121811,,,LGC000001701218,15,MTL_CONV_1701218,01-DEC-2022,1,1,PUSH,,,LUFKIN,,,,N
1001,C86,121811,,,LGC000001701220,15,MTL_CONV_1701220,01-DEC-2022,1,1,PUSH,,,LUFKIN,,,,N
1001,C86,121811,,,LGC000001701241,15,MTL_CONV_1701241,01-DEC-2022,1,1,PUSH,,,LUFKIN,,,,N
1001,C86,121811,,,LGC000001701257,20,MTL_CONV_1701257,01-DEC-2022,1,1,PUSH,,,LUFKIN,,,,N
1001,C86,121811,,,LGC000001701262,15,MTL_CONV_1701262,01-DEC-2022,1,1,PUSH,,,LUFKIN,,,,N
1001,C86,121811,,,LGC000001701263,15,MTL_CONV_1701263,01-DEC-2022,1,1,PUSH,,,LUFKIN,,,,N
1001,C86,121811,,,LGC000001701264,15,MTL_CONV_1701264,01-DEC-2022,1,1,PUSH,,,LUFKIN,,,,N
1001,C86,121811,,,LGC000001701265,15,MTL_CONV_1701265,01-DEC-2022,1,1,PUSH,,,LUFKIN,,,,N
1001,C86,121811,,,LGC000001701276,15,MTL_CONV_1701276,01-DEC-2022,1,1,PUSH,,,LUFKIN,,,,N
1001,C86,121811,,,LGC000001701278,15,MTL_CONV_1701278,01-DEC-2022,1,1,PUSH,,,LUFKIN,,,,N
1001,C86,121811,,,LGC000001701279,15,MTL_CONV_1701279,01-DEC-2022,1,1,PUSH,,,LUFKIN,,,,N
1001,C86,121811,,,LGC000001701310,20,MTL_CONV_1701310,01-DEC-2022,1,1,PUSH,,,LUFKIN,,,,N
1001,C86,121811,,,LGC000001701313,15,MTL_CONV_1701313,01-DEC-2022,1,1,PUSH,,,LUFKIN,,,,N
1001,C86,121811,,,LGC000001701314,15,MTL_CONV_1701314,01-DEC-2022,1,1,PUSH,,,LUFKIN,,,,N
1001,C86,121811,,,LGC000001701317,15,MTL_CONV_1701317,01-DEC-2022,1,1,PUSH,,,LUFKIN,,,,N
1001,C86,121811,,,LGC000001701319,15,MTL_CONV_1701319,01-DEC-2022,1,1,PUSH,,,LUFKIN,,,,N
1001,C86,121811,,,LGC000002082661,100,MTL_CONV_2082661,01-DEC-2022,1,1,PUSH,,,LUFKIN,,,,N
1001,C86,121811,,,LGC000002083411,50,MTL_CONV_2083411,01-DEC-2022,1,1,PUSH,,,LUFKIN,,,,N
1001,C86,121811,,,LGC000002083412,10,MTL_CONV_2083412,01-DEC-2022,1,1,PUSH,,,LUFKIN,,,,N
1001,C86,121811,,,LGC000002083427,20,MTL_CONV_2083427,01-DEC-2022,1,1,PUSH,,,LUFKIN,,,,N
1001,C86,121811,,,LGC000002083607,20,MTL_CONV_2083607,01-DEC-2022,1,1,PUSH,,,LUFKIN,,,,N
1001,C86,121811,,,LGC000002083647,20,MTL_CONV_2083647,01-DEC-2022,1,1,PUSH,,,LUFKIN,,,,N
1001,C86,121811,,,LGC000002083666,15,MTL_CONV_2083666,01-DEC-2022,1,1,PUSH,,,LUFKIN,,,,N
1001,C86,121811,,,LGC000002083705,20,MTL_CONV_2083705,01-DEC-2022,1,1,PUSH,,,LUFKIN,,,,N
1001,C86,121811,,,LGC000002083706,20,MTL_CONV_2083706,01-DEC-2022,1,1,PUSH,,,LUFKIN,,,,N
1001,C86,121811,,,LGC000002083711,15,MTL_CONV_2083711,01-DEC-2022,1,1,PUSH,,,LUFKIN,,,,N
1001,C86,121811,,,LGC000002083712,15,MTL_CONV_2083712,01-DEC-2022,1,1,PUSH,,,LUFKIN,,,,N
1001,C86,121811,,,LGC000002083727,15,MTL_CONV_2083727,01-DEC-2022,1,1,PUSH,,,LUFKIN,,,,N
1001,C86,121811,,,LGC000002083736,20,MTL_CONV_2083736,01-DEC-2022,1,1,PUSH,,,LUFKIN,,,,N
1001,C86,121811,,,LGC000002083743,20,MTL_CONV_2083743,01-DEC-2022,1,1,PUSH,,,LUFKIN,,,,N
1001,C86,121811,,,LGC000002083875,15,MTL_CONV_2083875,01-DEC-2022,1,1,PUSH,,,LUFKIN,,,,N
1001,C86,121811,,,LGC000002083888,20,MTL_CONV_2083888,01-DEC-2022,1,1,PUSH,,,LUFKIN,,,,N
1001,C86,121811,,,LGC000002083895,20,MTL_CONV_2083895,01-DEC-2022,1,1,PUSH,,,LUFKIN,,,,N
1001,C86,121811,,,LGC000002083916,20,MTL_CONV_2083916,01-DEC-2022,1,1,PUSH,,,LUFKIN,,,,N
1001,C86,121811,,,LGC000002083941,20,MTL_CONV_2083941,01-DEC-2022,1,1,PUSH,,,LUFKIN,,,,N
1001,C86,121811,,,LGC000002083949,20,MTL_CONV_2083949,01-DEC-2022,1,1,PUSH,,,LUFKIN,,,,N
1001,C86,121811,,,LGC000002083960,20,MTL_CONV_2083960,01-DEC-2022,1,1,PUSH,,,LUFKIN,,,,N
1001,C86,121811,,,LGC000002084066,20,MTL_CONV_2084066,01-DEC-2022,1,1,PUSH,,,LUFKIN,,,,N
1001,C86,121811,,,LGC000003002755,15,MTL_CONV_3002755,01-DEC-2022,1,1,PUSH,,,LUFKIN,,,,N
1001,C86,121811,,,LGC000003002756,15,MTL_CONV_3002756,01-DEC-2022,1,1,PUSH,,,LUFKIN,,,,N
1001,C86,121811,,,LGC000003002758,15,MTL_CONV_3002758,01-DEC-2022,1,1,PUSH,,,LUFKIN,,,,N
1001,C86,121811,,,LGC000003002910,15,MTL_CONV_3002910,01-DEC-2022,1,1,PUSH,,,LUFKIN,,,,N
1001,C86,121811,,,LGC000003002913,15,MTL_CONV_3002913,01-DEC-2022,1,1,PUSH,,,LUFKIN,,,,N
1001,C86,121811,,,LGC000003002914,15,MTL_CONV_3002914,01-DEC-2022,1,1,PUSH,,,LUFKIN,,,,N
1001,C86,121811,,,LGC000003002923,20,MTL_CONV_3002923,01-DEC-2022,1,1,PUSH,,,LUFKIN,,,,N
1001,C86,121811,,,LGC000003002976,15,MTL_CONV_3002976,01-DEC-2022,1,1,PUSH,,,LUFKIN,,,,N
1001,C86,121811,,,LGC000003002977,15,MTL_CONV_3002977,01-DEC-2022,1,1,PUSH,,,LUFKIN,,,,N
1001,C86,121811,,,LGC000003002978,15,MTL_CONV_3002978,01-DEC-2022,1,1,PUSH,,,LUFKIN,,,,N
1001,C86,121811,,,LGC000003002979,15,MTL_CONV_3002979,01-DEC-2022,1,1,PUSH,,,LUFKIN,,,,N
1001,C86,121811,,,LGC000003003079,15,MTL_CONV_3003079,01-DEC-2022,1,1,PUSH,,,LUFKIN,,,,N
