BATCH_ID,SUB_BATCH_ID,ORACLE_ITEM_NUMBER,ITEM_TEMPLATE,ASSIGN_TO_INV_LIST,ORACLE_ITEM_ID,TEMPLATE_ID,EXISTS_FLAG_GIM,ERROR_MESSAGE,CONC_REQUEST_ID,INTERFACE_TABLE_UNIQUE_ID,ITEM_DESCR,COMMODITY_CODE,UNIT_OF_MEASURE,UOM_CODE,CATEGORY_ID,CMRO_REPAIRABLE_FLAG,PLANNER_CODE,REVISION,LONG_DESCRIPTION,WEIGHT_UOM_CODE,WEIGHT_UNIT,VOLUME_UOM_CODE,VOLUME_UNIT,DIM_UOM_CODE,DIM_LENGTH,DIM_WIDTH,DIM_HEIGHT,PREPROCESSING_LT,PROCESSING_LT,POSTPROCESSING_LT,FIXED_LT,VARIABLE_LT,CUM_MFG_LT,CUM_TOTAL_LT,LOT_SIZE_LT,ATTRIBUTE1,ATTRIBUTE2,ATTRIBUTE3,ATTRIBUTE4,ATTRIBUTE5,ATTRIBUTE6,ATTRIBUTE7,ATTRIBUTE8,ATTRIBUTE9,ATTRIBUTE10
132,,LFK100262817_TEST25,LFK_BKIT_BUY_SOFT,"C86,C87",,,N,,,,"KIT, BEARING UPGRADE",,EACH,,,,LG_NA,1,"KIT, BEARING UPGRADE",KG,10,CF,20,MT,5,4,3,1,2,3,4,5,6,7,8,ATT1,AT2,AT3,AT4,AT5,AT6,AT7,AT8,AT10,AT11
132,,LFK100266296_TEST25,LFK_SNDB_BUY_HARD,"C86,C87",,,N,,,,BLANKET SOUND ENCLOSURE,,EACH,,,,LG_NA,1,BLANKET SOUND ENCLOSURE,KG,10,CF,20,MT,5,4,3,1,2,3,4,5,6,7,8,ATT1,AT2,AT3,AT4,AT5,AT6,AT7,AT8,AT10,AT11
132,,LFK100271589_TEST25,LFK_SEAL_BUY_SOFT,"C86,C87",,,N,,,,"SEAL LIP, VITON 3.25 ID X 4.252 X .670 W",,EACH,,,,LG_NA,1,"SEAL LIP, VITON 3.25 ID X 4.252 X .670 W",KG,10,CF,20,MT,5,4,3,1,2,3,4,5,6,7,8,ATT1,AT2,AT3,AT4,AT5,AT6,AT7,AT8,AT10,AT11
132,,LFK100274333_TEST25,LFK_TBKIT_BUY_SOFT,"C86,C87",,,N,,,,"KIT, TPJ-ORION BEARING AND RING SUB ASSE",,EACH,,,,LG_NA,1,"KIT, TPJ-ORION BEARING AND RING SUB ASSE",KG,10,CF,20,MT,5,4,3,1,2,3,4,5,6,7,8,ATT1,AT2,AT3,AT4,AT5,AT6,AT7,AT8,AT10,AT11
132,,LFK100276109_TEST25,LFK_SEAL_BUY_SOFT,"C86,C87",,,N,,,,SEAL - CATERPILLAR DUO-CONE KIT NO. 130-,,EACH,,,,LG_NA,1,SEAL - CATERPILLAR DUO-CONE KIT NO. 130-,KG,10,CF,20,MT,5,4,3,1,2,3,4,5,6,7,8,ATT1,AT2,AT3,AT4,AT5,AT6,AT7,AT8,AT10,AT11
132,,LFK100300047_TEST25,LFK_RE_MAKE_HARD,"C86,C87",,,N,,,,"PINION, HS - N2100C INCR, RATIO 6.234:1",,EACH,,,,LG_NA,1,"PINION, HS - N2100C INCR, RATIO 6.234:1",KG,10,CF,20,MT,5,4,3,1,2,3,4,5,6,7,8,ATT1,AT2,AT3,AT4,AT5,AT6,AT7,AT8,AT10,AT11
132,,LFK100300048_TEST25,LFK_RE_MAKE_HARD,"C86,C87",,,N,,,,"ASSY, LSP GR/SFT - N2100C, RATIO 6.234:1",,EACH,,,,LG_NA,1,"ASSY, LSP GR/SFT - N2100C, RATIO 6.234:1",KG,10,CF,20,MT,5,4,3,1,2,3,4,5,6,7,8,ATT1,AT2,AT3,AT4,AT5,AT6,AT7,AT8,AT10,AT11
132,,LFK100300530_TEST25,LFK_FRGG_BUY_HARD,"C86,C87",,,N,,,,"FORGING, GEAR - 4340H",,EACH,,,,LG_NA,1,"FORGING, GEAR - 4340H",KG,10,CF,20,MT,5,4,3,1,2,3,4,5,6,7,8,ATT1,AT2,AT3,AT4,AT5,AT6,AT7,AT8,AT10,AT11
132,,LFK100300717_TEST25,LFK_HCA_MAKE_HARD,"C86,C87",,,N,,,,"ASSEMBLY, HSG/COV - NF25D",,EACH,,,,LG_NA,1,"ASSEMBLY, HSG/COV - NF25D",KG,10,CF,20,MT,5,4,3,1,2,3,4,5,6,7,8,ATT1,AT2,AT3,AT4,AT5,AT6,AT7,AT8,AT10,AT11
132,,LFK100300719_TEST25,LFK_BBRG_MAKE_SOFT,"C86,C87",,,N,,,,"BEARING, THRUST-9.25""BORE, CW",,EACH,,,,LG_NA,1,"BEARING, THRUST-9.25""BORE, CW",KG,10,CF,20,MT,5,4,3,1,2,3,4,5,6,7,8,ATT1,AT2,AT3,AT4,AT5,AT6,AT7,AT8,AT10,AT11
132,,LFK100303457_TEST25,LFK_RE_MAKE_HARD,"C86,C87",,,N,,,,"PINION, HS - NF3019D",,EACH,,,,LG_NA,1,"PINION, HS - NF3019D",KG,10,CF,20,MT,5,4,3,1,2,3,4,5,6,7,8,ATT1,AT2,AT3,AT4,AT5,AT6,AT7,AT8,AT10,AT11
132,,LFK100303460_TEST25,LFK_RE_MAKE_HARD,"C86,C87",,,N,,,,"ASSEMBLY, LSP GR/SFT - NF3019D",,EACH,,,,LG_NA,1,"ASSEMBLY, LSP GR/SFT - NF3019D",KG,10,CF,20,MT,5,4,3,1,2,3,4,5,6,7,8,ATT1,AT2,AT3,AT4,AT5,AT6,AT7,AT8,AT10,AT11
132,,LFK100303554_TEST25,LFK_SEAL_MAKE_SOFT,"C86,C87",,,N,,,,"SEAL, D-LINE STYLE, 7.00"" BORE",,EACH,,,,LG_NA,1,"SEAL, D-LINE STYLE, 7.00"" BORE",KG,10,CF,20,MT,5,4,3,1,2,3,4,5,6,7,8,ATT1,AT2,AT3,AT4,AT5,AT6,AT7,AT8,AT10,AT11
132,,LFK100303693_TEST25,LFK_RNDB_BUY_SOFT,"C86,C87",,,N,,,,"ROUND HR-8"" DIA  4145 MOD V/D - SPCL 10""",,EACH,,,,LG_NA,1,"ROUND HR-8"" DIA  4145 MOD V/D - SPCL 10""",KG,10,CF,20,MT,5,4,3,1,2,3,4,5,6,7,8,ATT1,AT2,AT3,AT4,AT5,AT6,AT7,AT8,AT10,AT11
132,,LFK1121222901_TEST25,LFK_GBOX_MAKE_HARD,"C86,C87",,,N,,,,NF2211D LUFKIN INCREASER,,EACH,,,,LG_NA,1,NF2211D LUFKIN INCREASER,KG,10,CF,20,MT,5,4,3,1,2,3,4,5,6,7,8,ATT1,AT2,AT3,AT4,AT5,AT6,AT7,AT8,AT10,AT11
132,,LFK11212229LP_TEST25,LFK_LOOSEPTS_MAKE_SOFT,"C86,C87",,,N,,,,LOOSE - SHPD PARTS,,EACH,,,,LG_NA,1,LOOSE - SHPD PARTS,KG,10,CF,20,MT,5,4,3,1,2,3,4,5,6,7,8,ATT1,AT2,AT3,AT4,AT5,AT6,AT7,AT8,AT10,AT11
132,,LFK1121231760_TEST25,LFK_EKIT_MAKE_HARD,"C86,C87",,,N,,,,"KIT, ELECTRICAL - N2419C",,EACH,,,,LG_NA,1,"KIT, ELECTRICAL - N2419C",KG,10,CF,20,MT,5,4,3,1,2,3,4,5,6,7,8,ATT1,AT2,AT3,AT4,AT5,AT6,AT7,AT8,AT10,AT11
132,,LFK1121235001_TEST25,LFK_GBOX_MAKE_HARD,"C86,C87",,,N,,,,NF3019D,,EACH,,,,LG_NA,1,NF3019D,KG,10,CF,20,MT,5,4,3,1,2,3,4,5,6,7,8,ATT1,AT2,AT3,AT4,AT5,AT6,AT7,AT8,AT10,AT11
132,,LFKDF035152_TEST25,LFK_CSTG_BUY_SOFT,"C86,C87",,,N,,,,"CASTING, HOUSING COVER - LUFKIN T720",,EACH,,,,LG_NA,1,"CASTING, HOUSING COVER - LUFKIN T720",KG,10,CF,20,MT,5,4,3,1,2,3,4,5,6,7,8,ATT1,AT2,AT3,AT4,AT5,AT6,AT7,AT8,AT10,AT11
132,,LFKE7055704_TEST25,LFK_PLT_BUY_SOFT,"C86,C87",,,N,,,,PLATE 1/2 X 48 X 120 STEEL,,EACH,,,,LG_NA,1,PLATE 1/2 X 48 X 120 STEEL,KG,10,CF,20,MT,5,4,3,1,2,3,4,5,6,7,8,ATT1,AT2,AT3,AT4,AT5,AT6,AT7,AT8,AT10,AT11
132,,LFKE7083874_TEST25,LFK_RBRG_BUY_SOFT,"C86,C87",,,N,,,,BEARING  TAPERED RLR.,,EACH,,,,LG_NA,1,BEARING  TAPERED RLR.,KG,10,CF,20,MT,5,4,3,1,2,3,4,5,6,7,8,ATT1,AT2,AT3,AT4,AT5,AT6,AT7,AT8,AT10,AT11
132,,LFKE7085466_TEST25,LFK_FLTR_BUY_SOFT,"C86,C87",,,N,,,,FILTER  OIL PTI DUPLEX 1 1/2,,EACH,,,,LG_NA,1,FILTER  OIL PTI DUPLEX 1 1/2,KG,10,CF,20,MT,5,4,3,1,2,3,4,5,6,7,8,ATT1,AT2,AT3,AT4,AT5,AT6,AT7,AT8,AT10,AT11
132,,LFKE7085950_TEST25,LFK_PUMP_BUY_SOFT,"C86,C87",,,N,,,,PUMP  GEARTEK MODEL GT7289,,EACH,,,,LG_NA,1,PUMP  GEARTEK MODEL GT7289,KG,10,CF,20,MT,5,4,3,1,2,3,4,5,6,7,8,ATT1,AT2,AT3,AT4,AT5,AT6,AT7,AT8,AT10,AT11
132,,LFKOSP_CARBURIZE_TEST25,LFK_OSP_BUY_HARD,"C86,C87",,,N,,,,OUTSIDE PROCESSING ITEM - CARBURIZING,,EACH,,,,LG_NA,1,OUTSIDE PROCESSING ITEM - CARBURIZING,KG,10,CF,20,MT,5,4,3,1,2,3,4,5,6,7,8,ATT1,AT2,AT3,AT4,AT5,AT6,AT7,AT8,AT10,AT11
